name,aka,page_start,page_end,row_count,chars_count,ks.,firstlast,dob
KD:xckS]z'cGD,Ö?fSkqGGwJ!z?sSh]QJ).,67,67,1,21,0,KD:xckS]z'cGD,
"KDx­""z+ÖkS.D—DxB",,67,67,9,295,0,"KDx­""z+ÖkS.D—DxB",
KD—xÖwcBwkS]zGw­—,,67,67,8,333,0,KD—xÖwcBwkS]zGw­—,
"KD—)cxD""kS,­Scz?/.USAJ!/JG??q’",,67,70,319,13102,0,"­Scz?/.USAJ!/JG??q’ KD—)cxD""kS",
"KcBc—x#&kS.c""—z!Sh]G[JGw",,70,74,507,20968,0,"KcBc—x#&kS.c""—z!Sh]G[JGw",
Ec—­xDkS-Dxwc—,,74,74,4,157,0,Ec—­xDkS-Dxwc—,
Ebc—kSI+B­x&,,74,74,2,66,0,Ebc—kSI+B­x&,
"EF"":c—bkSpDWxzÖSBG]?.(J/[",,74,74,19,763,0,"EF"":c—bkSpDWxzÖSBG]?.(J/[",
"E!F­xqkSg+""""D—",,74,74,1,47,0,"E!F­xqkSg+""""D—",
"E!F­xqkSID+""­SB’?]q",,74,75,78,2847,0,"E!F­xqkSID+""­SB’?]q",
"E!zz""kSPc­",Ö?fS0.GJ!QqsS2Jq,75,76,105,3889,0,"E!zz""kSPc­",
"Exz""DkS.c—wwD",Ö?fS0zz?]’J’sSkJ!//.,76,76,1,20,0,"Exz""DkS.c—wwD",
Ex­kSPDÖÖc,2.z!]SP]Ö[.!;SBGq,76,76,13,530,0,Ex­kSPDÖÖc,
Ex­kSpD—WD,,76,76,1,29,0,Ex­kSpD—WD,
Ex­kSODD'­SBG].?S­.wzG],,76,77,12,488,0,Ex­kSODD'­SBG].?S­.wzG],
Ex­kSMc—ww+,Ö?fSB?ÖJG]’J’sSCJ!//z,77,77,1,21,0,Ex­kSMc—ww+,
Ex­kSMzq­S-JÖÖ.,,77,77,20,708,0,Ex­kSMzq­S-JÖÖ.,
"Ex­—z""""ckSE—!!zShJG]",,77,77,6,243,0,"Ex­—z""""ckSE—!!zShJG]",
Ex­'DD—DkSIDzxzSK’ÖJ!],,77,78,182,6866,0,Ex­'DD—DkSIDzxzSK’ÖJ!],
ExÖwcxQkSUDw+,Ö?fSV.G/.!]sS­./z,78,78,1,17,0,ExÖwcxQkSUDw+,
Eqw#kSU­x'czbSBGQ]!.,,78,79,41,1614,0,Eqw#kSU­x'czbSBGQ]!.,
"E""G!cxxkSh.G/J!Spz!DcxSkJ’!]Ö",,79,79,53,2220,0,"E""G!cxxkSh.G/J!Spz!DcxSkJ’!]Ö",
"E""cb—c""kS­]GD.SpD—!cwwD",1.!ÖJ//.SCzzGq?,79,80,32,1249,0,"E""cb—c""kS­]GD.SpD—!cwwD",
"E""bx+""BkSExÖDS",Ö?fS9z!w]’J’sSBG?.,80,80,19,743,0,"E""bx+""BkSExÖDS",
"E""!'zÖwkSVzxÖSE—z!SLz=z?/",,80,80,43,1924,0,"E""!'zÖwkSVzxÖSE—z!SLz=z?/",
"E""""DxDkS]cz!!­SKGw.!]",,80,80,22,973,0,"E""""DxDkS]cz!!­SKGw.!]",
"E""—­wFkSE—z!S­]=U!];",,80,81,12,481,0,"E""—­wFkSE—z!S­]=U!];",
"E""'DxxkSpD—!!+S­.Ö.!]",,81,81,18,759,0,"E""'DxxkSpD—!!+S­.Ö.!]",
E—F­kSExÖD,XiJJDHebotHpyUGIq,81,81,17,726,0,E—F­kSExÖD,
E—F­xqkSEÖwc—,Ö?fSB![qw..sSB?/J!,81,81,1,18,0,E—F­xqkSEÖwc—,
E—F­qDDkSEÖwc—,p)CJ(Hp(UGIq,81,82,97,4147,0,E—F­qDDkSEÖwc—,
E—!!zjpz!Dcx,LZz/q]w]//.D.; p(yy6HW6yEJIH-EIq6,82,82,65,2607,0,E—!!zjpz!Dcx,
"E—!!zxQkSPcc""DSK’ÖJ!]",,82,83,41,1613,0,"E—!!zxQkSPcc""DSK’ÖJ!]",
"E—­""c""kSEz""­",,83,83,34,1380,0,"E—­""c""kSEz""­",
E—'DÖwzkSEÖ!­S-JGGJ!Qq,,83,83,33,1303,0,E—'DÖwzkSEÖ!­S-JGGJ!Qq,
"E—QwzckSH""!c—z",Ö?fS5!.?/qsS1.!].,83,84,2,47,0,"E—QwzckSH""!c—z",
"EÖ!cxz""c""kSpD—wwD",,84,84,56,2060,0,"EÖ!cxz""c""kSpD—wwD",
"EÖ!cxz""c""kSMc—ww+",7J(CCxHv)CJ(6HpIGS,84,85,84,3535,0,"EÖ!cxz""c""kSMc—ww+",
"EÖ!­xDkSEÖDwD)D""z",,85,85,1,30,0,"EÖ!­xDkSEÖDwD)D""z",
"EÖ!­xDkS.D""""cxcS",Ö?fSkzqQ]sSk.’’JGJ,85,86,95,4048,0,"EÖ!­xDkS.D""""cxcS",
"EÖ!­xDkSMzz""D",WEE(6CHF(6)C6DEHp)yGIEnwxG(6,86,86,13,488,0,"EÖ!­xDkSMzz""D",
"EÖ!­xz""kSg+zB­",,86,86,5,214,0,"EÖ!­xz""kSg+zB­",
"EÖÖc""kSE'DSpD—wz""DS'­""",,86,86,9,361,0,"EÖÖc""kSE'DSpD—wz""DS'­""",
"EÖÖc""kSpD—wFDS'­""",,86,86,2,83,0,"EÖÖc""kSpD—wFDS'­""",
"EÖÖc""j.­xq’'zÖwkS,D—:—­SExÖDS'­""",,86,86,26,1041,0,"D—:—­SExÖDS'­"" EÖÖc""j.­xq’'zÖwkS",
"EwcxQ)c—QkSExz""D",W66DEHpI6DEHvDCC6IE6DJD,86,86,9,332,0,"EwcxQ)c—QkSExz""D",
EwcxQ)QQkS.cz!!z,,86,172,9477,373354,0,EwcxQ)QQkS.cz!!z,
HBÖw—#qkSM­'cSN.!]’.,,172,172,12,457,0,HBÖw—#qkSM­'cSN.!]’.,
"HFDxDz""c""kSHxqD—z",CqZqSC.Q]qw..,172,172,20,652,0,"HFDxDz""c""kSHxqD—z",
HWQÖkSCJ!//zSM++xz!!z,,172,173,33,1392,0,HWQÖkSCJ!//zSM++xz!!z,
"H!­""c""kSHxqDSK’=J(q!=",,173,173,10,413,0,"H!­""c""kSHxqDSK’=J(q!=",
"H!­""c""kSOc""wwz",,173,173,3,119,0,"H!­""c""kSOc""wwz",
"H!­""c""kSM­z""zSCJGGJ!QqSCzzG]ÖÖ]",,173,173,7,261,0,"H!­""c""kSM­z""zSCJGGJ!QqSCzzG]ÖÖ]",
H!QFczq­kSOc!!D,KÖ_ -JÖÖ.,173,173,26,941,0,H!QFczq­kSOc!!D,
"H!QFczq­""c""kSpD+""­S",Ö?fS­q!Q.sS4qzÖq,173,173,1,16,0,"H!QFczq­""c""kSpD+""­S",
H!QjOc!!D,Ö?fSKÖ_[J]wqsS-JÖÖ.,173,173,1,19,0,H!QjOc!!D,
Hx!!DkSpDwwzSpa,WECC6HW6yEJIHLIyyE,173,174,33,1279,0,Hx!!DkSpDwwzSpa,
Hx!!DkS?Öq­,,174,174,3,119,0,Hx!!DkS?Öq­,
"Hxx­z""c""kSE'DSKGq’.",,174,174,62,2681,0,"Hxx­z""c""kSE'DSKGq’.",
HxqD—zkS?Öq­,1)qGHLIqE(6H Eq86DJD,174,175,36,1363,0,HxqD—zkS?Öq­,
"Hqq­""c""kSMD)D""z",,175,175,15,682,0,"Hqq­""c""kSMD)D""z",
Hq)z''DD—DkS.cz!!z,XgJJDHebPrHLqNJ(2,175,175,53,2190,0,Hq)z''DD—DkS.cz!!z,
"H""D—zkS?xD'z",1IEX6H7x(xDJD,175,175,6,204,0,"H""D—zkS?xD'z",
"H""bqD""kS?xD'z",,175,176,47,2016,0,"H""bqD""kS?xD'z",
"H""bqD""kSIDz""c—",5E2DEHLD2)C(Äq,176,176,4,117,0,"H""bqD""kSIDz""c—",
"H""bÖw—#qkSIDb""D",Ö?fSK’=w.’sSP.]’J!,176,176,1,18,0,"H""bÖw—#qkSIDb""D",
"H""!c—zkSEzWD",p6REHFGBynLDyJ(6,176,176,27,1098,0,"H""!c—zkSEzWD",
"H""""D""c""kSM­z'­",,176,177,65,2626,0,"H""""D""c""kSM­z'­",
"HÖ­FD""""zkSEz""­Sh]GD.w]",,177,177,35,1458,0,"HÖ­FD""""zkSEz""­Sh]GD.w]",
HÖ­WQ—'zkSpDzWDjPzzÖD,2]]?.S4_!Q]’J’,177,178,36,1265,0,HÖ­WQ—'zkSpDzWDjPzzÖD,
HÖ­WQ—'zkSUDD—D,,178,178,16,719,0,HÖ­WQ—'zkSUDD—D,
"HÖ­!”""QSPz""BF­xqkSvD'c","5EIzHcJD(6yH 6D,UGIq",178,178,8,278,0,"HÖ­!”""QSPz""BF­xqkSvD'c",
HÖ­xDkSH—qD,Ö?fSL]!]?/qsSK!w.,178,178,1,17,0,HÖ­xDkSH—qD,
"HÖ­qQ!zkSH""D—z",Ö?fS0.GÖJsSK’.!],178,179,173,7205,0,"HÖ­qQ!zkSH""D—z",
"HÖÖD!Dz""c""kS.cxqz",,179,179,8,288,0,"HÖÖD!Dz""c""kS.cxqz",
"HÖÖD!Dz""c""kSpD—wwz",,179,180,36,1465,0,"HÖÖD!Dz""c""kSpD—wwz",
"HÖwD""qQ!zkSL]’qSUzÖ!­",,180,180,8,351,0,"HÖwD""qQ!zkSL]’qSUzÖ!­",
"HÖQj?""""z",Ö?fSC.G.?sS5’’],180,181,111,4531,0,"HÖQj?""""z",
HwQw++xzkSHxq­,7xGqE)H1XE)yE,181,324,15754,620668,0,HwQw++xzkSHxq­,
PDD!Ö­kSPzzÖD,66)EH1(XGyy6H EEy)GDJDn96(6DJD,324,324,27,1161,0,PDD!Ö­kSPzzÖD,
PDD!Ö­kSM­z'­SLG(J!/,,324,324,25,997,0,PDD!Ö­kSM­z'­SLG(J!/,
"PDD!Ö­kS[""w­SpGD.?",,324,324,9,347,0,"PDD!Ö­kS[""w­SpGD.?",
"PDD!Ö­""c""kSVzzx­",,324,324,5,207,0,"PDD!Ö­""c""kSVzzx­",
"PDD!Ö­""c""jOz—z""c""kSPzzÖDS",Ö?fS2..Ö?qsS2]]?.,324,324,1,17,0,"PDD!Ö­""c""jOz—z""c""kSPzzÖDS",
"PDDqD""c""kS.c—qD""",,324,325,3,95,0,"PDDqD""c""kS.c—qD""",
PDcÖ'z—wDkSPJ]’qSUzb+—BSh.G;Jw.!,,325,325,5,152,0,PDcÖ'z—wDkSPJ]’qSUzb+—BSh.G;Jw.!,
PDc'+­kSIzÖw­,Ö?fS2Jw?/!|wsSP]?/q,325,325,1,19,0,PDc'+­kSIzÖw­,
"PDbc—G—D""wZkSExzcx",,325,325,45,1824,0,"PDbc—G—D""wZkSExzcx",
"PDFBc"")c—QkS,c—wcxS",Ö?fS-J!_sS-J!//],325,327,232,9049,0,"c—wcxS PDFBc"")c—QkS",
PDFwzkShJ]ÖÖqSHxqD—z,,327,329,288,11072,0,PDFwzkShJ]ÖÖqSHxqD—z,
"PDFwz""c""kS°!c",,329,331,180,6248,0,"PDFwz""c""kS°!c",
"PDz""ckSEc—­",,331,331,11,510,0,"PDz""ckSEc—­",
"PDz""ckSE—!!z",,331,332,187,7758,0,"PDz""ckSE—!!z",
"PDz""ckS?""c—'D",,332,333,10,391,0,"PDz""ckS?""c—'D",
"PDz""ckSUDxqc",,333,333,3,116,0,"PDz""ckSUDxqc",
"PDz""ckSUz—!!DS­]’]ÖÖ.",,333,333,24,1039,0,"PDz""ckSUz—!!DS­]’]ÖÖ.",
"PDz""z­kSE!D",p6DGH E6D6G,333,333,5,165,0,"PDz""z­kSE!D",
"PDzwz""c""kSEz""­SKGw.!]",,333,334,69,2965,0,"PDzwz""c""kSEz""­SKGw.!]",
"PDzwz""c""kSOc""wwzS-JGGJ!Qq",,334,334,28,1066,0,"PDzwz""c""kSOc""wwzS-JGGJ!Qq",
"PDzwz""c""kSM+­q­SC.Z]q",,334,334,15,662,0,"PDzwz""c""kSM+­q­SC.Z]q",
"PDzwz""c""kSM++—c",,334,334,5,185,0,"PDzwz""c""kSM++—c",
"PD!!z""c""kSEz""­Sh]G[JGw",,334,335,69,2831,0,"PD!!z""c""kSEz""­Sh]G[JGw",
PDqqzkSPHxxDjpDzWD,0IIEnWE6REHFEE(6DEH Eqq6nFJCGRE,335,335,8,280,0,PDqqzkSPHxxDjpDzWD,
"PDqqz""c""kSpD—zwwD","Ö?fSäG""Ö/sS1.!]//.",335,335,1,18,0,"PDqqz""c""kSpD—zwwD",
"PDqqz""Fczq­kSpDzWD",,335,335,2,47,0,"PDqqz""Fczq­kSpDzWD",
"PDqqz""qQ!zkSPD+—zSKGw.!]",,335,335,14,596,0,"PDqqz""qQ!zkSPD+—zSKGw.!]",
"PDqqz"")QQkSPD+—zShJ]ÖÖq",,335,336,54,2142,0,"PDqqz"")QQkSPD+—zShJ]ÖÖq",
"PDq)z""c""kS?Öq­S",Ö?fSKGw.!]sS5?wq,336,336,1,16,0,"PDq)z""c""kS?Öq­S",
PDq)­xDkSpD—bzw,,336,336,1,40,0,PDq)­xDkSpD—bzw,
"PDq+kS]Qz""#S.a",Ö?fS0.!][/.G.sSh_]’|,336,336,1,20,0,"PDq+kS]Qz""#S.a",
"PD""BÖw—#qkSEcxcÖSB’qÖ",,336,336,13,520,0,"PD""BÖw—#qkSEcxcÖSB’qÖ",
"PD""bkS]Qz""#",,336,336,1,45,0,"PD""bkS]Qz""#",
PD)zxDkSK?wqSMzq­,,336,336,7,277,0,PD)zxDkSK?wqSMzq­,
"PD)z""!z'zkSPD+—D",,336,336,34,1392,0,"PD)z""!z'zkSPD+—D",
PD)z­,Ö?fS­.GqsS7!D|,336,337,2,47,0,PD)z­,
"PD))DxDz""c""kSE—!!zShJ]ÖÖqSkJ’!]ÖÖ]",,337,337,15,612,0,"PD))DxDz""c""kSE—!!zShJ]ÖÖqSkJ’!]ÖÖ]",
"PD))DxDz""c""kS.zx!!Dj.cxz""Q",,337,337,16,704,0,"PD))DxDz""c""kS.zx!!Dj.cxz""Q",
"PD))DxDz""c""kSH""cÖ",,337,337,42,1529,0,"PD))DxDz""c""kSH""cÖ",
"PD))DxDz""c""kSH—WDSBJQ.SCzzG]ÖÖ]",K!D.S1.Gw]G.,337,338,146,5729,0,"PD))DxDz""c""kSH—WDSBJQ.SCzzG]ÖÖ]",
"PD))DxDz""c""kSPzzÖD",,338,339,66,2904,0,"PD))DxDz""c""kSPzzÖD",
"PD))DxDz""c""kSOz—!!D",,339,340,91,3797,0,"PD))DxDz""c""kSOz—!!D",
PD))zkS?—'­,,340,341,81,3187,0,PD))zkS?—'­,
PD—B­wkSIDzÖD,,341,341,25,980,0,PD—B­wkSIDzÖD,
PD—WDwzckS]cz!!­ScJ!?qw,XgJJDHebäeH EEy)GDJD,341,341,12,464,0,PD—WDwzckS]cz!!­ScJ!?qw,
PD—W­'+­—zkS.cxz,,341,341,3,112,0,PD—W­'+­—zkS.cxz,
PD—qDkSIczW­S,Ö?fSPqz/.sSPJ]Dq,341,341,1,16,0,PD—qDkSIczW­S,
PD—q­xDkSpDzWDS,Ö?fSCz!z’J’sS1.]D.,341,341,1,18,0,PD—q­xDkSpDzWDS,
PD—­qDkSIDzWDS,Ö?fS5!.’J’sSP.]D.,341,341,1,17,0,PD—­qDkSIDzWDS,
"PDÖÖzxDkS.cxc""D",,341,341,5,207,0,"PDÖÖzxDkS.cxc""D",
PDÖÖzxDkSUz—!!D,,341,341,21,900,0,PDÖÖzxDkSUz—!!D,
PDw'DxDkSPD+—D,Ex(EHpI6DEH-6688E6DJD,341,342,76,3162,0,PDw'DxDkSPD+—D,
PDw'+ÖkSUzÖ!­,-6)yGHW6(REqH9Ä()C6,342,343,88,3470,0,PDw'+ÖkSUzÖ!­,
"PD+!!D""c""kSOD+xzSV]G[JGw",,343,343,15,652,0,"PD+!!D""c""kSOD+xzSV]G[JGw",
"PD+!!D—z""c""kSPzzÖDSkJGJ’.",,343,344,65,2712,0,"PD+!!D—z""c""kSPzzÖDSkJGJ’.",
PD+!!­kSEÖ!­,Ö?fS­.!]qG.sS1.z!],344,344,1,18,0,PD+!!­kSEÖ!­,
"PD+xDWDz""c""kSPcc""DS­.GwJSCzzG]ÖÖ]",,344,344,26,1035,0,"PD+xDWDz""c""kSPcc""DS­.GwJSCzzG]ÖÖ]",
"PD+""zÖkSHxq­SL!w.?",,344,344,21,887,0,"PD+""zÖkSHxq­SL!w.?",
"PD+""zÖkSUc))­SKGw.!]",,344,344,31,1182,0,"PD+""zÖkSUc))­SKGw.!]",
PD+—zkS[—)­,,344,345,36,1290,0,PD+—zkS[—)­,
"PD+—z!Dz""c""kSpc—wÖzjHxqD—z",,345,345,22,866,0,"PD+—z!Dz""c""kSpc—wÖzjHxqD—z",
"PD+—z!Dz""c""kSM””""c",,345,346,75,2874,0,"PD+—z!Dz""c""kSM””""c",
PD+wzDkS?!!­,,346,347,87,3577,0,PD+wzDkS?!!­,
PD'zDxDkSEc'DS,Ö?fS0.]G.sSC.[Qq,347,347,1,16,0,PD'zDxDkSEc'DS,
"PD'z!!DxDkSP.z’qS.c—qD""",,347,347,26,934,0,"PD'z!!DxDkSP.z’qS.c—qD""",
"PcFq­""c""kSIDzq­",,347,347,6,171,0,"PcFq­""c""kSIDzq­",
PcFq+Ö­!ÖDkSIzÖw­ShJG],,347,348,166,6069,0,PcFq+Ö­!ÖDkSIzÖw­ShJG],
PcFq+Öw­kS.cz!!z,"XgJJDHebPrH 6D,UGIq",348,349,62,2379,0,PcFq+Öw­kS.cz!!z,
"PcFwzFDxqcÖkSMD+""­Sp’/.wq",XiJJDHebälH JUC6DJD,349,349,22,849,0,"PcFwzFDxqcÖkSMD+""­Sp’/.wq",
"PcFwz!D""bDÖkSpDwwz",,349,349,5,165,0,"PcFwz!D""bDÖkSpDwwz",
"PcFwz""c""kS.D""""+",cEDDxHwJ6yyGH7E8ED6H JUC68xxsS; XgJJDHebteH JUC6DJD,349,349,19,705,0,"PcFwz""c""kS.D""""+",
"PcFwz""c""kSIczW­SL’/J!q",,349,350,28,1131,0,"PcFwz""c""kSIczW­SL’/J!q",
"PcFwz""c""kSMDwWD",,350,350,2,56,0,"PcFwz""c""kSMDwWD",
"PcFwz)++kS.D""""+S",Ö?fS2J[/]’J’sSk.’’z,350,350,1,19,0,"PcFwz)++kS.D""""+S",
"PcFw­kSm—D""ÖSBw]G",,350,350,6,244,0,"PcFw­kSm—D""ÖSBw]G",
PcFw­kSPcc'zSkJ’!]Ö,,350,350,14,551,0,PcFw­kSPcc'zSkJ’!]Ö,
PcFw­kSpD—z,,350,350,3,95,0,PcFw­kSpD—z,
PcFw­kSpD—WDwwD,,350,350,2,85,0,PcFw­kSpD—WDwwD,
PcFw­kSVzzx­,,350,351,124,4725,0,PcFw­kSVzzx­,
"PcFw­""c""kSpDzWD",cJIJDEHWE(6EH JUCGDJD,351,352,55,2230,0,"PcFw­""c""kSpDzWD",
"PcFw­""c""kSVzzx­",Ö?fSC.!ÖÖ.sS-JÖÖ.,352,353,100,3840,0,"PcFw­""c""kSVzzx­",
"PcFw­""c""kSM””""c",,353,353,4,113,0,"PcFw­""c""kSM””""c",
"PcFw­""c""kS[xxDSLzG]ÖÖ]",pGG.SL[/JG.,353,353,29,1102,0,"PcFw­""c""kS[xxDSLzG]ÖÖ]",
"PcFw­""c""kS]cz!!­",,353,353,6,235,0,"PcFw­""c""kS]cz!!­",
"PcFw­""c""kS]Qz""#",,353,353,20,818,0,"PcFw­""c""kS]Qz""#",
"PcFw­""c""kS]Qz""#Sh.G;Jw.!",,353,354,54,2178,0,"PcFw­""c""kS]Qz""#Sh.G;Jw.!",
PcFw­ÖDD—zkSpD—WDjPzzÖDS,Ö?fS2zq/qsS1.!D. 2]]?.,354,354,1,22,0,PcFw­ÖDD—zkSpD—WDjPzzÖDS,
PcFw­ÖDx­kS]cz!!­,,354,354,4,162,0,PcFw­ÖDx­kS]cz!!­,
"PcF'­""c""kSOz—!!­S",Ö?fSk_’’]’J’sS-]!ÖÖq,354,354,1,20,0,"PcF'­""c""kSOz—!!­S",
"PcF'QÖxDzF­kSIcz""­ShJ]ÖÖq",,354,355,140,5678,0,"PcF'QÖxDzF­kSIcz""­ShJ]ÖÖq",
Pczq+kSODD'­S,Ö?fS-.?.’J’sS­zGq,355,355,1,17,0,Pczq+kSODD'­S,
"Pcz""­kSOc!!DS",Ö?fS-J/!z?,355,355,1,10,0,"Pcz""­kSOc!!DS",
"Pcz""­""c""kSBJQ.SpDD—zD",,355,355,12,518,0,"Pcz""­""c""kSBJQ.SpDD—zD",
"Pcz)­""c""kSOD+xzS-a","9ExI6HwEI,JqE(H J68GDJD",355,356,34,1308,0,"Pcz)­""c""kSOD+xzS-a",
Pc!ÖzkSPcDS,L’]/.S9q!.S; JEH ­­C6y”6DJD,356,356,45,1669,0,Pc!ÖzkSPcDS,
"Pcq)z""c""kSpD—WDjPcc""D",,356,356,20,856,0,"Pcq)z""c""kSpD—WDjPcc""D",
"Pcq)zQz""c""kSpD—wwDS",Ö?fS­Z.!!JsS1.!//.,356,356,1,18,0,"Pcq)zQz""c""kSpD—wwDS",
PcqÖw—#qkSIzÖw­SKGw.!],Xg)CEHebrrH EJXxG,356,357,22,828,0,PcqÖw—#qkSIzÖw­SKGw.!],
Pc)­!­—)zkSE—!!zSh.G;Jw.!,,357,357,48,1976,0,Pc)­!­—)zkSE—!!zSh.G;Jw.!,
"Pc))Q""c""kSE—!!z",,357,357,1,37,0,"Pc))Q""c""kSE—!!z",
"Pc))Q""c""kSgx­—”",,357,357,41,1676,0,"Pc))Q""c""kSgx­—”",
"Pc))Q""c""kSUzq­",,357,357,3,86,0,"Pc))Q""c""kSUzq­",
"Pc)Q""FDD—DkS]a",w6IUGHvUI2(JD,357,357,2,68,0,"Pc)Q""FDD—DkS]a",
PcÖGFkSpD—bFc—zwD,,357,358,31,1098,0,PcÖGFkSpD—bFc—zwD,
"PcÖ!z""c""kSPD+—z",,358,359,90,3584,0,"PcÖ!z""c""kSPD+—z",
"PcÖ!z""c""kSpD—wwz",,359,359,12,475,0,"PcÖ!z""c""kSpD—wwz",
"Pc'D""w­kSE—!!zS",Ö?fS­Z];J!sSBf,359,359,21,778,0,"Pc'D""w­kSE—!!zS",
"Pc/z""bkS.D——”SkJGwJ!",,359,359,12,538,0,"Pc/z""bkS.D——”SkJGwJ!",
"Pc'zz""kSB!’?/Sg+""""D—",,359,360,124,4919,0,"Pc'zz""kSB!’?/Sg+""""D—",
PzcÖzkSID&Dcx,,360,360,1,31,0,PzcÖzkSID&Dcx,
"PzFw­kS[""w­",,360,360,1,28,0,"PzFw­kS[""w­",
Pzz)­xDkS]D))+SK;.SKGq’.,,360,361,38,1447,0,Pzz)­xDkS]D))+SK;.SKGq’.,
PzzÖDSpD—WDwwD,Ö?fS4_!Q]’J’sS2]]?.S1.!D.//.,361,361,41,1558,0,PzzÖDSpD—WDwwD,
Pzxz+ÖkSKD—xjg+ÖwD&SkJ’!]ÖSN.?]w]!,,361,361,22,903,0,Pzxz+ÖkSKD—xjg+ÖwD&SkJ’!]ÖSN.?]w]!,
"Pzxz+ÖkSH—qcxz""",Ö?fS­.’;w.’S2]G]z?sSK!wJG]’,361,362,29,1119,0,"Pzxz+ÖkSH—qcxz""",
PzxWDkSpDwwz,,362,362,44,1702,0,PzxWDkSpDwwz,
PzxWDkSOc!!DSL’/J!qS­.Ö.!],,362,362,19,876,0,PzxWDkSOc!!DSL’/J!qS­.Ö.!],
"PzxWDkSUDD—DSExz""D",,362,362,24,1006,0,"PzxWDkSUDD—DSExz""D",
PzxWcBDFxkSPcz&,,362,363,8,258,0,PzxWcBDFxkSPcz&,
"PzxWcx+""BkSKF—zÖwc—SPqGU",,363,363,6,262,0,"PzxWcx+""BkSKF—zÖwc—SPqGU",
PzxxckSE'DSL’’JG],"BQ.Sk""Q_!]’J’",363,363,33,1393,0,PzxxckSE'DSL’’JG],
PzxxWDkS.cxbc,,363,363,1,35,0,PzxxWDkS.cxbc,
"Pz""BkSU'c""",,363,363,3,110,0,"Pz""BkSU'c""",
"Pz""B:c—bkSKF—zÖwz""D",,363,363,1,25,0,"Pz""B:c—bkSKF—zÖwz""D",
"Pz""Bcb—c""kSIzzwwD",,363,363,3,62,0,"Pz""Bcb—c""kSIzzwwD",
"Pz""Bc""kSg+—xzSK’=J=_!;",,363,364,47,2033,0,"Pz""Bc""kSg+—xzSK’=J=_!;",
"Pz""Bc""kSPc""DSkJGJ’.SBG]?.(J/[",,364,364,12,501,0,"Pz""Bc""kSPc""DSkJGJ’.SBG]?.(J/[",
"Pz""Bc""kSIDzWDSL’’]ÖÖ]",,364,364,6,273,0,"Pz""Bc""kSIDzWDSL’’]ÖÖ]",
"Pz""B&­—ÖkS,­Bzx","AG,6IHhxED6CEH 6D,zG()n 6D,qED",364,364,63,2664,0,"­Bzx Pz""B&­—ÖkS",
"Pz""Bb—c""kSpD—bD—cwFD",,364,364,5,213,0,"Pz""Bb—c""kSpD—bD—cwFD",
"Pz""Bb—c""kSU#—c""Scq//[.!;",,364,365,33,1301,0,"Pz""Bb—c""kSU#—c""Scq//[.!;",
"Pz""Bb—c""jV”x+""BkSExzÖc",,365,365,13,496,0,"Pz""Bb—c""jV”x+""BkSExzÖc",
"Pz""BF­xqkSvD'c","Ö?fSK?qÖ""’_ 2]’;[qGwsSI.QJ",365,365,1,26,0,"Pz""BF­xqkSvD'c",
"Pz""BF­xqkSg#ÖwDS",Ö?fSP..?JsSc|?/.S5GqU,365,365,1,21,0,"Pz""BF­xqkSg#ÖwDS",
"Pz""BF­xqkSUwz""D",,365,365,2,61,0,"Pz""BF­xqkSUwz""D",
"Pz""B’'zÖwkSH""bD",Ö?fSA!q=!J’sSK’=.,365,365,1,17,0,"Pz""B’'zÖwkSH""bD",
"Pz""B’'zÖwkSpD—bzw","WE(2E(JCEH 6D,YX6)C",365,365,6,233,0,"Pz""B’'zÖwkSpD—bzw",
"Pz""B—­­ÖkSPzzÖDS",Ö?fSk]]?ÖzsS2]]?.,365,365,1,17,0,"Pz""B—­­ÖkSPzzÖDS",
"Pz""B—­wFkSUDzqzSBG]’.",,365,367,133,5107,0,"Pz""B—­wFkSUDzqzSBG]’.",
"Pz""""DkSPcq)z",,367,367,11,404,0,"Pz""""DkSPcq)z",
"Pz""""DkS]Qz""#Sh.G//J!]",,367,369,250,10803,0,"Pz""""DkS]Qz""#Sh.G//J!]",
"Pz""""D'+­—zkSMD+""­",,369,370,150,5415,0,"Pz""""D'+­—zkSMD+""­",
"Pz)Ö­""c""kSPc­SC.z’qSkJ’!]Ö",,370,371,107,4263,0,"Pz)Ö­""c""kSPc­SC.z’qSkJ’!]Ö",
"Pz+!!­""c""kS.zxWDSEa",,371,371,1,40,0,"Pz+!!­""c""kS.zxWDSEa",
"Pz+!!­""c""kS?""""z",,371,371,34,1199,0,"Pz+!!­""c""kS?""""z",
"PW+""bBcxxkSIDb""D","5E2DEHpI6)ENJCUH RxD2,JIInp(IED,))GD",371,372,24,986,0,"PW+""bBcxxkSIDb""D",
"P­::DÖkS]z!z""bSL!’qG;",,372,372,14,541,0,"P­::DÖkS]z!z""bSL!’qG;",
"P­z!!D""c""kSpz!!­SC.Z.’]",,372,372,10,457,0,"P­z!!D""c""kSpz!!­SC.Z.’]",
P­!!DkSOz—!!­,96(yyGH16I6HLIGDEHpI6)ENJCHcxUCEDJD,372,374,277,9889,0,P­!!DkSOz—!!­,
P­+FzkSpDwwz,,374,375,89,3578,0,P­+FzkSpDwwz,
P­+!­kSExqD,,375,376,101,4464,0,P­+!­kSExqD,
"P­+""cxDkSOc!!DSBG].?",0.G.,376,377,100,3850,0,"P­+""cxDkSOc!!DSBG].?",
P­+ÖwckSpD—zwD,,377,377,2,59,0,P­+ÖwckSpD—zwD,
P+FwDxDkS?z'DSL!w.?,,377,377,8,342,0,P+FwDxDkS?z'DSL!w.?,
P+FwD)­FWDkS?+wz,FEE(6DEHS6))6DJD,377,377,3,79,0,P+FwD)­FWDkS?+wz,
"P+!!D—z""c""kSH—qDSK!J’J",GiH)iHFJy”I”6DJD,377,377,8,251,0,"P+!!D—z""c""kSH—qDSK!J’J",
"P+!!D—z""c""kSMD+""­SL’/J!q",,377,377,42,1648,0,"P+!!D—z""c""kSMD+""­SL’/J!q",
P+qz!c—­kSEÖ!­SLGG.’SL’/J!q,,377,378,11,415,0,P+qz!c—­kSEÖ!­SLGG.’SL’/J!q,
P+qz—DckSOc—wwzSpqGJQ],,378,378,7,237,0,P+qz—DckSOc—wwzSpqGJQ],
"P+qz'+­—zkS.D""""+",,378,378,1,25,0,"P+qz'+­—zkS.D""""+",
"P+""B:c—bkS[xxDjPc""D",,378,378,66,2627,0,"P+""B:c—bkS[xxDjPc""D",
"P+­B­"")QQkSOD+xzSK?!.JG",,378,380,120,4760,0,"P+­B­"")QQkSOD+xzSK?!.JG",
P+­w­kSpD—WDjPzzÖD,WE(REn 66)EH9”6X6yy6H JUCG)EE(6,380,380,71,2945,0,P+­w­kSpD—WDjPzzÖD,
"P”:cG!kSKD—xSpz!DcxSUc:DÖwzD""",,380,381,87,3488,0,"P”:cG!kSKD—xSpz!DcxSUc:DÖwzD""",
"P+GF­+kSVzxÖSg#—D""",,381,381,16,658,0,"P+GF­+kSVzxÖSg#—D""",
"P””wz!Qz""c""kSPcDS",Ö?fS2JÖ?]sS2J.,381,381,1,14,0,"P””wz!Qz""c""kSPcDS",
"P””wz!Qz""c""kSM­z'­SB’?]q",,381,381,10,384,0,"P””wz!Qz""c""kSM­z'­SB’?]q",
P””'+­kSEc—­SBG].?,E6yiH ­NJBy,381,382,31,1266,0,P””'+­kSEc—­SBG].?,
"PQ""b:DG!DkSI+""D—",,382,382,69,2780,0,"PQ""b:DG!DkSI+""D—",
"PQFwcc""­WDkSUz—!!DjPzzÖD",,382,383,13,549,0,"PQFwcc""­WDkSUz—!!DjPzzÖD",
PQqÖQkS]cz!!­,,383,383,2,92,0,PQqÖQkS]cz!!­,
"PQ""wz""c""kSEc—­Sk.!.G;",,383,383,27,1022,0,"PQ""wz""c""kSEc—­Sk.!.G;",
"P#""""’'zÖwkSpDzWDjPzzÖD",,383,383,4,150,0,"P#""""’'zÖwkSpDzWDjPzzÖD",
"P#ÖcwFkSp­""zGD",Ö?fSC!_?Ö(|GJsS1q’]).,383,430,5073,204684,0,"P#ÖcwFkSp­""zGD",
"VD+!!D—z""c""kSPDÖÖc",Ex(6HpJ(GH7E8ED6HSExyyE(6DJD,430,430,11,440,0,"VD+!!D—z""c""kSPDÖÖc",
VcxzqD—!!DkSIzzwwD,566CCEH JJDEHSJI6qE(yyEn-JJBy,430,431,77,3091,0,VcxzqD—!!DkSIzzwwD,
Vc'DkS.cxqz,,431,431,9,280,0,Vc'DkS.cxqz,
Vc'DkS?xD'z,Ö?fS0q!/J’JQ.sSLf5f,431,431,1,19,0,Vc'DkS?xD'z,
Vc'DxDkSpD—zDjPzzÖD,Ö?fS0z’’.?sS1.!]. 2]]?.,431,432,42,1586,0,Vc'DxDkSpD—zDjPzzÖD,
"Vc'DxDz""c""kSPzzÖD",2JJ’.S0.!]’]Jw]; vHDDEn 66)EHSJXEIE6DJDnc”­(6DJD,432,432,31,1135,0,"Vc'DxDz""c""kSPzzÖD",
"Vc'DxDz""c""kSVzzx­SPa",Ö?fS1./.G.Zz!qsS5G.Q],432,432,1,21,0,"Vc'DxDz""c""kSVzzx­SPa",
"Vc'D""xz""""DkSUz""z!!D",Ö?fS0.GG]q h]?.Z__sS­]’]ÖÖ.,432,432,1,27,0,"Vc'D""xz""""DkSUz""z!!D",
VzG­xkS-cÖxc”,cE((6HFxx)E,432,432,5,117,0,VzG­xkS-cÖxc”,
"VzcqcxQz""c""kS]cÖDS-JÖÖ.",,432,433,26,1050,0,"VzcqcxQz""c""kS]cÖDS-JÖÖ.",
VzcqzkSH—qcxz,cJIq6HL(qEHFEE(6DEHS6Jq6,433,433,73,2898,0,VzcqzkSH—qcxz,
VzcqzkSHÖq­,,433,433,30,1300,0,VzcqzkSHÖq­,
VzcqzkSpz—WD,,433,433,1,36,0,VzcqzkSpz—WD,
VzcqzkSIzwj.cxxc'z,Ö?fS0.!]’]Jw]sSP]/Q.,433,434,10,212,0,VzcqzkSIzwj.cxxc'z,
"Vzcqz""c""kSEzxDS­.!=]/",,434,435,113,4540,0,"Vzcqz""c""kSEzxDS­.!=]/",
"Vzcqz""c""kSk.’’zSOc—wwz",,435,436,157,6238,0,"Vzcqz""c""kSk.’’zSOc—wwz",
"Vzcqz""c""kSIccwwDSLz’J",GiH)iH9E(X6E6DJD,436,437,179,6728,0,"Vzcqz""c""kSIccwwDSLz’J",
"Vzz""zkSE—!!zS",Ö?fSkJ!!.G.sSL[/],437,437,1,17,0,"Vzz""zkSE—!!zS",
"Vzz""z!­Ö!zkSPD+—zS?xD'z",,437,438,7,279,0,"Vzz""z!­Ö!zkSPD+—zS?xD'z",
"Vzz""zx+­w­kSpD—WDSL’’]ÖÖ]",,438,438,53,2070,0,"Vzz""zx+­w­kSpD—WDSL’’]ÖÖ]",
"Vzz""zx+­w­kSö—W#SBJw]G",,438,438,33,1376,0,"Vzz""zx+­w­kSö—W#SBJw]G",
"Vzz""zÖ!­—)zkSmama",,438,439,12,512,0,"Vzz""zÖ!­—)zkSmama",
"Vzz""zÖw#kSpD+""+SBJwJG]",,439,439,51,2155,0,"Vzz""zÖw#kSpD+""+SBJwJG]",
"Vzz""z'DD—DkSE""ÖzSL.!!J",,439,440,67,2765,0,"Vzz""z'DD—DkSE""ÖzSL.!!J",
"Vzz—D""c""kS]D—qDS",Ö?fSh.!w.,440,440,76,2773,0,"Vzz—D""c""kS]D—qDS",
"VzÖ!DkS,—­—SKQ.!",,440,441,8,305,0,—­—SKQ.! VzÖ!DkS,
VzÖ!DxDkSpDwwzSL’/J!q,,441,441,13,520,0,VzÖ!DxDkSpDwwzSL’/J!q,
"VzÖ!D""c""kS.D——zS?a",cE((6H1IEX6HS6)yEDJD,441,441,11,452,0,"VzÖ!D""c""kS.D——zS?a",
"VzÖ!D""c""kS?Öq­S?a",,441,441,18,705,0,"VzÖ!D""c""kS?Öq­S?a",
"VzÖ!D""c""kS]+­!!­SK’ÖJ!]",,441,443,211,8291,0,"VzÖ!D""c""kS]+­!!­SK’ÖJ!]",
"VzÖÖzjM+­qz""c""kSUzÖ!­",-6)yGH7JIIJ(XGH7xGq6DJD,443,443,11,404,0,"VzÖÖzjM+­qz""c""kSUzÖ!­",
"Vz'D""!DkSEz""­S­JQJ!]","XgJJDHeboTHS­IED,J(",443,444,90,3898,0,"Vz'D""!DkSEz""­S­JQJ!]",
"V­W­""c""kS[­xc'z",vUC6H0GIJX6H:I”nSGRGDJD,444,444,61,2400,0,"V­W­""c""kS[­xc'z",
"V­!cxDz""c""kSvDbz",,444,444,2,93,0,"V­!cxDz""c""kSvDbz",
V­)­xDkSIccwwD,,444,445,89,3426,0,V­)­xDkSIccwwD,
V­—DkSpD—wwz,Ö?fS0qÖÖq’J’sS1.//],445,445,11,446,0,V­—DkSpD—wwz,
"V­—Bb—c""kSOc""wwzSL!w.?",,445,445,12,504,0,"V­—Bb—c""kSOc""wwzSL!w.?",
"V­—Bb—c""kSIDx&SPz’.!",,445,446,129,5507,0,"V­—Bb—c""kSIDx&SPz’.!",
V­—­kSpD+—zSC.Z.’],,446,447,105,4105,0,V­—­kSpD+—zSC.Z.’],
"V­+ÖzDz""c""kSCq]QqSMD)z­",,447,448,91,3682,0,"V­+ÖzDz""c""kSCq]QqSMD)z­",
"V­+ÖzDz""c""kSMc—ww+",7J(CCxH-6)yGH-686,448,448,13,520,0,"V­+ÖzDz""c""kSMc—ww+",
V­'cxDkSODD'­,1IJHöx)CEzHcEyEDH-CGICZJDNJ(2,448,449,25,1013,0,V­'cxDkSODD'­,
V­'c—­kSpz—WDq,W6(REqHSGXJ(Gn E6DJ,449,449,24,845,0,V­'c—­kSpz—WDq,
V+qqzkSPDÖÖz,4zÖÖ.S0.’=.?; Ex(6HhxUED6H:(RÄD8G6yEHSxqq6,449,450,214,9124,0,V+qqzkSPDÖÖz,
"V+qqz""c""kSODD'­S]cz!!­",,450,452,138,5680,0,"V+qqz""c""kSODD'­S]cz!!­",
V+—qzkSMD—WD,,452,452,3,92,0,V+—qzkSMD—WD,
V+—qz!!DkSpD—WD,L(REHcGI)C,452,452,27,994,0,V+—qz!!DkSpD—WD,
"V+—qz""c""kSExÖD","pI)EHpD2IxD,",452,452,2,55,0,"V+—qz""c""kSExÖD",
"V+—qz""c""kSg+""""D—S",Ö?fScJJ,452,452,3,48,0,"V+—qz""c""kSg+""""D—S",
V+—qz­kSOQz'z,Ö?fSCqZ]sS-_]Q],452,452,12,469,0,V+—qz­kSOQz'z,
"V+—qzÖw­kS]Qz""#",,452,452,11,407,0,"V+—qzÖw­kS]Qz""#",
"V”:c—bkSpD—zD""""cS","Ö?fSC[q!(""sS1.!].’’J",452,453,9,258,0,"V”:c—bkSpD—zD""""cS",
"V”:c—bFkSg+""ScJ!;.",,453,453,32,1270,0,"V”:c—bFkSg+""ScJ!;.",
"V”!'zÖwkSH""bqD—SCz!J",,453,453,27,1177,0,"V”!'zÖwkSH""bqD—SCz!J",
"V”!Q""c""kSH—qcxzS",Ö?fS­.GG.wqsSK!wJG],453,453,1,19,0,"V”!Q""c""kSH—qcxzS",
"V”!Q""c""kSM­z'­",Ö?fS0JGqsSk.!.G;,453,453,9,326,0,"V”!Q""c""kSM­z'­",
"V”xD""Bc—kS.Dx&BD""",,453,454,11,427,0,"V”xD""Bc—kS.Dx&BD""",
"V”xD""Bc—kSP”BzD",,454,454,13,530,0,"V”xD""Bc—kSP”BzD",
"V”x+""BkSg+""""D—SK?.ÖScJq!=",,454,454,16,632,0,"V”x+""BkSg+""""D—SK?.ÖScJq!=",
"V”x+""BkScz?/.QSpD+—zwZ",,454,455,94,3902,0,"V”x+""BkScz?/.QSpD+—zwZ",
"V”qD""kS[xxD","Ö?fSk""(]’J//JsSpGG.",455,455,25,1032,0,"V”qD""kS[xxD",
V”Öw—#qkSEx'z,,455,470,1574,61480,0,V”Öw—#qkSEx'z,
"ODD!!D""c""kSOc—wwzS",Ö?fS0.!JsSB!ÖÖ.,470,470,1,15,0,"ODD!!D""c""kSOc—wwzS",
"ODD!!z""c""kSEzxDSB?/J!]",,470,470,24,993,0,"ODD!!z""c""kSEzxDSB?/J!]",
"ODD!!+""Dz""c""kS]zxW­S",Ö?fS-..Öq’w..sSh]GGJ,470,470,1,20,0,"ODD!!+""Dz""c""kS]zxW­S",
"ODD!­""qDDkS]zxxc",w6IRGHcJ6yy6H9EEyyxDE6DJD,470,470,32,1307,0,"ODD!­""qDDkS]zxxc",
ODDÖz!z'zkSHqqz,,470,471,71,3059,0,ODDÖz!z'zkSHqqz,
"ODDÖzxz""""DkSE—""­SL’/J!q",,471,473,199,8442,0,"ODDÖzxz""""DkSE—""­SL’/J!q",
"ODD'zxDz""c""kS[xxDjpDzWD",,473,473,4,139,0,"ODD'zxDz""c""kS[xxDjpDzWD",
"ODD'zxDz""c""kS]DxBcqD—",,473,473,29,1187,0,"ODD'zxDz""c""kS]DxBcqD—",
"ODG!Dxc""kSpD—!+ÖSKGw.!]",,473,474,56,2337,0,"ODG!Dxc""kSpD—!+ÖSKGw.!]",
"ODF""zxDkSMccq+",Ö?fSP_?_’J’sS9]]Gq,474,474,1,18,0,"ODF""zxDkSMccq+",
"ODWDkSOc""wwz",9JDCC6Hp6DGH-EyE(6HFJ)y6DJD,474,474,43,1718,0,"ODWDkSOc""wwz",
ODWDÖwzckSEzxD,,474,474,27,1044,0,ODWDÖwzckSEzxD,
ODW+xDkSpDwwzSkJ]ÖÖ],,474,474,15,571,0,ODW+xDkSpDwwzSkJ]ÖÖ],
"ODW+jPD+!!D""c""kSM+­'zS­""GQ]",CzqQ]S2.zÖÖ.’J’sSCzqQ]S-.Dz,474,475,41,1589,0,"ODW+jPD+!!D""c""kSM+­'zS­""GQ]",
"ODW+""c""kS.zx!!D",,475,476,73,2909,0,"ODW+""c""kS.zx!!D",
OD!!DxDkSPD+—zSKGw.!],BGD.?SP.J?.Gq,476,478,335,13222,0,OD!!DxDkSPD+—zSKGw.!],
"OD!!D""c""kS?+wzS-_]Q]ÖÖ]",,478,479,44,1585,0,"OD!!D""c""kS?+wzS-_]Q]ÖÖ]",
"ODxDÖwckS?""""zSB]’.!]",XgJJDHebämHAGXJII”D,479,479,49,1957,0,"ODxDÖwckS?""""zSB]’.!]",
"ODzBD""kS]c—D",Ö?fS5GG]sShJ!.,479,479,1,14,0,"ODzBD""kS]c—D",
"ODxz""kS?+wz",,479,479,3,119,0,"ODxz""kS?+wz",
"ODxz""kS]zxFcxq",Ö?fS-.zG.sSh]GDq,479,480,31,1023,0,"ODxz""kS]zxFcxq",
ODx!zÖ)QQkSpD—wwzSCq]Qq,XgJJDHebmlHAEqNJ(2,480,480,78,3165,0,ODx!zÖ)QQkSpD—wwzSCq]Qq,
"ODxqb—c""kSpD—WDjPcc""DS",Ö?fSh.]’]q’Z__sS1.!D. 2JJ’.,480,480,4,127,0,"ODxqb—c""kSpD—WDjPcc""DS",
ODxq—­­ÖkSpDwwzS,Ö?fS-.!w.?.GqsS1.//],480,481,82,3261,0,ODxq—­­ÖkSpDwwzS,
ODx­Fczq­kSPc­SKGw.!],"E6yiHA(ED,J(",481,483,149,6029,0,ODx­Fczq­kSPc­SKGw.!],
ODx­xDkSIDzq­SB’?]q,,483,483,5,199,0,ODx­xDkSIDzq­SB’?]q,
ODx­Ö+­kSEc'D,Ö?fSCJ’[z’J’sSBJQ.,483,485,282,11477,0,ODx­Ö+­kSEc'D,
"OD—xD""BkS.cxz",GiH)iHöJ)C(6D,485,485,8,269,0,"OD—xD""BkS.cxz",
"OD—xD""BkSVz""D","S6DEHwJ(GD6BEH-ED,JI6D",485,486,16,651,0,"OD—xD""BkSVz""D",
"OD—xD""BkS?ÖGD—S-J!)]Q.G",,486,486,105,4591,0,"OD—xD""BkS?ÖGD—S-J!)]Q.G",
OD—qDÖDx­kSpDwwz,WECC6H9EIq(GG),486,487,24,1018,0,OD—qDÖDx­kSpDwwz,
"OD—qcwkSUzq­""",,487,487,23,970,0,"OD—qcwkSUzq­""",
"OD—­""c""kSUDq+xz",,487,488,91,3892,0,"OD—­""c""kSUDq+xz",
OD——DÖkSM”wwz,7­CC6HF(6)C66DEHhGy6DJD,488,488,53,2292,0,OD——DÖkSM”wwz,
"OD—wD""c""kSEzWDSpD—!cwwD",GiH)iHhEEyGIE,488,488,5,170,0,"OD—wD""c""kSEzWDSpD—!cwwD",
"OD—wD""c""kSpD—zD",WE(6EHhGUEDDEH7EUXEDE6DJD,488,488,20,848,0,"OD—wD""c""kSpD—zD",
"OD—wD""c""kSpDwwzSE""Öz­",,488,489,12,548,0,"OD—wD""c""kSpDwwzSE""Öz­",
"OD—wD""c""kSVzzx­",,489,489,8,281,0,"OD—wD""c""kSVzzx­",
"OD—wD""c""kSOQz'zSkJGJ’.",,489,489,17,650,0,"OD—wD""c""kSOQz'zSkJGJ’.",
"OD—'zxDFwzkS[""w­",,489,489,20,863,0,"OD—'zxDFwzkS[""w­",
"ODÖD""c""kSU)cBc",9J(CC6H9E)EDJD,489,490,64,2646,0,"ODÖD""c""kSU)cBc",
ODwDkS?Öq­,"!ÖaS]+­—z""c""kSM­)z",490,490,1,18,0,ODwDkS?Öq­,
OD+xDkS]zxW­,d(ED)Hw6IUJIqH9EI6D,490,490,30,1196,0,OD+xDkS]zxW­,
OD'z,9EEXGH-EyE(6Hw6UJ(X”,490,490,7,266,0,OD'z,
OD(DxkSM­qSI­bc—,,490,491,33,1185,0,OD(DxkSM­qSI­bc—,
"OcF!­""c""kSMD+""­S?a",,491,491,21,745,0,"OcF!­""c""kSMD+""­S?a",
Oc!!DxDkS]zxW­,,491,491,3,152,0,Oc!!DxDkS]zxW­,
"Oc!!D""c""kS.zx!!DSCJGGJ!Qq",,491,491,69,2359,0,"Oc!!D""c""kS.zx!!DSCJGGJ!Qq",
"Oc!!D""c""kSOD""+",,491,494,276,10804,0,"Oc!!D""c""kSOD""+",
"Ocx!­""c""kSExz""D",Ö?fSh.GÖJ.Z__sSk]GD.,494,494,1,20,0,"Ocx!­""c""kSExz""D",
"Ocx!­""c""kSEx""DSN[.!Gq//.",,494,494,29,1151,0,"Ocx!­""c""kSEx""DSN[.!Gq//.",
"Ocx!­""c""kSpD+""­SL’/J!q",LfSC]J!.,494,494,22,858,0,"Ocx!­""c""kSpD+""­SL’/J!q",
"OcxxcSpzxW­­""D",-J/!]SC]]G],494,494,7,245,0,"OcxxcSpzxW­­""D",
Ocxxz!!DkSpDzWDSLzG]ÖÖ],,494,496,181,7720,0,Ocxxz!!DkSpDzWDSLzG]ÖÖ],
"Ocxxz""c""kSpa?a",WECC6H1IEX6H9JII6DJD,496,496,33,1321,0,"Ocxxz""c""kSpa?a",
Ocxw­xDkS?z'D,,496,496,2,58,0,Ocxw­xDkS?z'D,
Ocxw­xDkSBQ.SL]’qS?—'­!!z,,496,496,8,349,0,Ocxw­xDkSBQ.SL]’qS?—'­!!z,
Ocxw­xDkSIzzwwD,,496,496,4,148,0,Ocxw­xDkSIzzwwD,
"Ocxw­q­kSM­—Öwc""",2J’’.!/S+ÖJ!Gz’;,496,499,268,11244,0,"Ocxw­q­kSM­—Öwc""",
"Ocxw­""c""kSOz—!!­",96(yyGH9JICGDJDn5GqDGD6,499,499,28,1150,0,"Ocxw­""c""kSOz—!!­",
"Ocxw­""c""kSIcz""­",,499,499,55,2286,0,"Ocxw­""c""kSIcz""­",
"Oc""""D""c""kSPcD",JEHv6(6H-6D6yyEH9JDDEDJDnWECC6IE,499,500,46,1745,0,"Oc""""D""c""kSPcD",
"Oc""wz!Qz""c""kSpDzWD",v6I6HWE(6EHkWE6REuH9JDC6y”6DJDnc”DD6DJD,500,501,109,4639,0,"Oc""wz!Qz""c""kSpDzWD",
"Oc""wwzxQkSEz""­SLGJÖ?.’/J!]",,501,501,16,579,0,"Oc""wwzxQkSEz""­SLGJÖ?.’/J!]",
"Oc""wwz""c""kSLGG.’SHxqD—z",,501,501,47,1906,0,"Oc""wwz""c""kSLGG.’SHxqD—z",
Oc—!z#kSOzDSB]!.SL’’JG],,501,502,33,1337,0,Oc—!z#kSOzDSB]!.SL’’JG],
Oc—!!­kSExxzS,Ö?fS4qÖ]sS2JJ’.,502,504,243,9611,0,Oc—!!­kSExxzS,
Oc—SOxc(,,504,504,1,41,0,Oc—SOxc(,
"Oc—QkSOc""wwz","AJ(CJIH EU,JD8J(”",504,504,11,444,0,"Oc—QkSOc""wwz",
"OcÖ­""c""kSH""!c—zS",Ö?fS5!.?/qsS1.!].,504,504,27,1150,0,"OcÖ­""c""kSH""!c—zS",
"OcÖ­""c""kSM+zWDSBG?.SC.GQ]ÖÖ]",,504,504,5,157,0,"OcÖ­""c""kSM+zWDSBG?.SC.GQ]ÖÖ]",
OcÖÖzkSM++xz,"L,EHLDyJ(6H7xxI6yy6H9J))6",504,504,25,1038,0,OcÖÖzkSM++xz,
Ocw—+Ö,9JyyEH1IEX6H J6DG,504,505,70,2820,0,Ocw—+Ö,
OcwQWQkSMc—ww+SBG]?.(J/,,505,506,55,2312,0,OcwQWQkSMc—ww+SBG]?.(J/,
"OFD""jKFD""jMFckSIDzxz",,506,508,286,10874,0,"OFD""jKFD""jMFckSIDzxz",
"Ozcw­xDkSEz""­S?xD'z",,508,508,23,904,0,"Ozcw­xDkSEz""­S?xD'z",
"OzFD"")QQkSOa",!ÖaS.zcwDxDkSEc—­,508,508,1,17,0,"OzFD"")QQkSOa",
OzFxDWDqDDkS.czq­SM+­q­SExzDÖ,,508,509,108,4394,0,OzFxDWDqDDkS.czq­SM+­q­SExzDÖ,
OzFxDWDqQ!zkS]cz!!­S-..QqSL!Q];,,509,510,26,1064,0,OzFxDWDqQ!zkS]cz!!­S-..QqSL!Q];,
"OzFxÖw—#qkS,c""bwSM­—Öwc""SEB'D—B",,510,510,29,1202,0,"c""bwSM­—Öwc""SEB'D—B OzFxÖw—#qkS",
OzF­kSE'DjpD—zD,!ÖaSI­!!DkSE'DjpD—zD,510,510,32,1358,0,OzF­kSE'DjpD—zD,
"Ozz—Dz""c""kSpz!!­",,510,510,4,147,0,"Ozz—Dz""c""kSpz!!­",
"Ozz—­z""c""kSHBD",,510,510,5,208,0,"Ozz—­z""c""kSHBD",
"Ozz—w­kSIcz""­SOc!!D",,510,511,35,1489,0,"Ozz—w­kSIcz""­SOc!!D",
"OzzÖz""c""kS.cxqzSLG]’.",,511,511,17,614,0,"OzzÖz""c""kS.cxqzSLG]’.",
"Oz!!D—Dz""c""kSPD+—zS]a",Ex(6HwJ6yyGH96yyE(E6DJD,511,511,6,200,0,"Oz!!D—Dz""c""kSPD+—zS]a",
Ozx'zkSOz—!!­,Ö?fS0.![zG.sSk]GD.,511,511,1,18,0,Ozx'zkSOz—!!­,
"Ozqc""­&&kSK!J’JS]c—­""zGD",,511,511,23,952,0,"Ozqc""­&&kSK!J’JS]c—­""zGD",
Oz)DwwzkSEa.a,p6DGHcJ6yy6H968ECC6,511,511,8,284,0,Oz)DwwzkSEa.a,
"Oz))z""bkSH""bc","LD2JXEI,H96886D2S",511,512,41,1604,0,"Oz))z""bkSH""bc",
"Oz—zxQkSOzDS,D—:D—D",,512,512,10,417,0,D—:D—D Oz—zxQkSOzDS,
"Oz—z""c""kSE—!!z",pJ(6yHhxUGH96(6DJD,512,512,7,255,0,"Oz—z""c""kSE—!!z",
"Oz—z""c""kSpDwwzSL’/J!q",,512,512,14,629,0,"Oz—z""c""kSpDwwzSL’/J!q",
Oz—!cwwD,Ö?fSkq’Ö.Q..!.sSP]/Q.,512,512,1,21,0,Oz—!cwwD,
Oz—!­xDkSpDwwz,,512,514,178,7071,0,Oz—!­xDkSpDwwz,
Ozw!QWQ—'zkSH—qDS,!ÖaSO­+wDWQ—'zkSH—qD,514,514,1,20,0,Ozw!QWQ—'zkSH—qDS,
Ozw!QqQ!zkS]cz!!­S]DxBcqD—,,514,514,22,852,0,Ozw!QqQ!zkS]cz!!­S]DxBcqD—,
"Ozw!Q""c""kSHx!!DSOc—wwz",,514,514,43,1856,0,"Ozw!Q""c""kSHx!!DSOc—wwz",
"Ozw!Q""c""kSH—WDSH""!c—z",,514,516,134,4950,0,"Ozw!Q""c""kSH—WDSH""!c—z",
"Ozw!Q""c""kSODD'­",,516,517,183,7291,0,"Ozw!Q""c""kSODD'­",
O­FW­xDkSPD+—z,,517,517,4,144,0,O­FW­xDkSPD+—z,
"O­FW­xD""jOz—F­""c""kS.cxbcS","!ÖaS6D""w­xDkS3D——c",517,519,152,5839,0,"O­FW­xD""jOz—F­""c""kS.cxbcS",
O­zWQ—'zkSEc'DjpDzWD,,519,519,29,1184,0,O­zWQ—'zkSEc'DjpDzWD,
"O­z!­xDz""c""kSUzz—z",,519,519,1,46,0,"O­z!­xDz""c""kSUzz—z",
"O­z!­""c""kS[+""­","!ÖaS?z!­wzckSOD""+",519,519,11,363,0,"O­z!­""c""kS[+""­",
"O#!!z""c""kSEzWDSM++xz!!z",,519,519,26,1121,0,"O#!!z""c""kSEzWDSM++xz!!z",
O­xDqc—zkS]cz!!­S?xD'z,,519,520,73,3003,0,O­xDqc—zkS]cz!!­S?xD'z,
O­xD—zkSH—qDSKGq’.,XiJJDHebmtH9GIIE(6,520,520,12,466,0,O­xD—zkSH—qDSKGq’.,
O­xD—zkSOz—W­,,520,521,77,3250,0,O­xD—zkSOz—W­,
"O­xwwzxDkS,—zwD","pc—'zS?!ÖDxD; A(6CEHvIJy)ED,(EHpI6DG(H7x(C6E6DJD",521,523,307,11900,0,—zwD O­xwwzxDkS,
"O­""ÖzqDDkSM+­qDÖSEcqzx",,523,524,89,3544,0,"O­""ÖzqDDkSM+­qDÖSEcqzx",
O­+wDWQ—'zkSH—qD,L(qEH7EIX6yy6H96Cy”R”(X6,524,524,12,428,0,O­+wDWQ—'zkSH—qD,
O­+w'DD—DkSH—WD,Ö?fSh]GÖw.’ -qz/Q..!.sSK!D.,524,524,1,27,0,O­+w'DD—DkSH—WD,
"O+FD!Dz""c""kSk.’’.SExz""D",,524,524,17,694,0,"O+FD!Dz""c""kSk.’’.SExz""D",
"O+FD!Dz""c""kSPD+—z",Ö?fS­zGÖ.Q.sS2.z!],524,525,109,4170,0,"O+FD!Dz""c""kSPD+—z",
O+FwzxDkSVzzx­SUD+'­SOcxxc—'­,,525,526,83,3358,0,O+FwzxDkSVzzx­SUD+'­SOcxxc—'­,
"O+!cqDkSE+bc""Sä!J;!]Ö",,526,526,23,850,0,"O+!cqDkSE+bc""Sä!J;!]Ö",
"O+x!!z""c""kSpDwwzSkJ!w.’’]",,526,527,44,1883,0,"O+x!!z""c""kSpDwwzSkJ!w.’’]",
"O+x!!z""c""kSpz—WDq",,527,527,1,31,0,"O+x!!z""c""kSpz—WDq",
"O+x!!z""c""kS?ww­",,527,527,4,145,0,"O+x!!z""c""kS?ww­",
"O+x!!z""c""kSMc+'­",,527,528,79,3253,0,"O+x!!z""c""kSMc+'­",
O+)+wwzkSpD—WDjPzzÖD,,528,528,65,2714,0,O+)+wwzkSpD—WDjPzzÖD,
"O+—F­""c""kSPcc""DSkJG]’_",GiH)iH5EUDE)CG,528,528,8,289,0,"O+—F­""c""kSPcc""DSkJG]’_",
O+—ÖzkSOc!!D,hG(qEHp6DE(6HwJ(DGsS; XiJJDHeblmHö(EDNGq,528,528,14,530,0,O+—ÖzkSOc!!D,
"O+—ÖzDz""c""kSPcq)z",,528,529,28,1121,0,"O+—ÖzDz""c""kSPcq)z",
O+ÖDkSMzq­SC.Z.’],,529,530,95,3803,0,O+ÖDkSMzq­SC.Z.’],
"O++))­""c""kSUzq­S",Ö?fSL.ZJG],530,530,39,1530,0,"O++))­""c""kSUzq­S",
"O++Öwz""c""kSpD—WDD""D",FE6REHWE(REEDEHO6IJD6x),530,530,35,1517,0,"O++Öwz""c""kSpD—WDD""D",
"O”x!!#""c""kSpDzxD",WE6IEHvDD6yy6H-xGq6,530,531,88,3692,0,"O”x!!#""c""kSpDzxD",
"O”""""#""c""kSpz—WDq",W6(REHcJIJDEH9­DDÄDJD,531,531,9,336,0,"O”""""#""c""kSpz—WDq",
O””FwzQkSOc!!DSL’/J!q,,531,532,47,1926,0,O””FwzQkSOc!!DSL’/J!q,
O””!!#kS]zxF­,,532,532,7,256,0,O””!!#kS]zxF­,
O””!!#kS]zxW­SOa,,532,532,13,459,0,O””!!#kS]zxW­SOa,
"O”#—wcc""!­Ö!zkSHxqD—z",7GxyGHv(qE)HLIqE(6H9­Ä((J,532,532,7,230,0,"O”#—wcc""!­Ö!zkSHxqD—z",
"OQ/DxÖkSOc—j.D!­""SV]G[JGw",XgJJDHebmmHöx)CEz))GD,532,533,59,2480,0,"OQ/DxÖkSOc—j.D!­""SV]G[JGw",
"OQz'Q—z""wDkS]zxF­",,533,533,4,183,0,"OQz'Q—z""wDkS]zxF­",
"OQ""!QxQkSpD—wwzSkJ’!]Ö",,533,535,272,11034,0,"OQ""!QxQkSpD—wwzSkJ’!]Ö",
OQQwDx­kSVzzx­SLzÖz?/],E6yiHW””CC”I”,535,535,21,749,0,OQQwDx­kSVzzx­SLzÖz?/],
"O#xxQ""c""kS]zxW­",,535,535,16,562,0,"O#xxQ""c""kS]zxW­",
O#—ÖwzkSUzÖ!­S,Ö?fS2./Qz?sS­]?Öq,535,536,2,45,0,O#—ÖwzkSUzÖ!­S,
"O#w—”kSpD+""­S?xD'z",,536,536,25,981,0,"O#w—”kSpD+""­S?xD'z",
"O#”F#""c""kSpD—wwzSh]G[q",,536,536,50,2131,0,"O#”F#""c""kSpD—wwzSh]G[q",
O#”ÖwzkSPDÖÖcSE—z!,,536,537,92,3521,0,O#”ÖwzkSPDÖÖcSE—z!,
IDDqzkSEc'D,,537,537,4,190,0,IDDqzkSEc'D,
IDDÖcaSg#ÖwDS?x­&,"öÄ)CEH1IGzHdJ(,6DED,H 6D,UGIq",537,538,46,1728,0,IDDÖcaSg#ÖwDS?x­&,
"IDDwz!Dz""c""kSE—!!z",,538,538,20,777,0,"IDDwz!Dz""c""kSE—!!z",
"IDc""w­kSEÖ!­SL’/J!q",,538,538,36,1461,0,"IDc""w­kSEÖ!­SL’/J!q",
IDcÖDx­kSExWDÖS,Ö?fS-.ÖÖ.G.sS2.z!],538,538,1,18,0,IDcÖDx­kSExWDÖS,
"IDFz!Dz""c""kSEÖ!­SpqGJQ]",,538,539,117,4947,0,"IDFz!Dz""c""kSEÖ!­SpqGJQ]",
IDz!DÖkSHxqD,,539,539,1,41,0,IDz!DÖkSHxqD,
"IDzxD'­kSM­z""zSpD—zDSCzzG]ÖÖ]",,539,540,20,838,0,"IDzxD'­kSM­z""zSpD—zDSCzzG]ÖÖ]",
IDzx­kSpD—WD,c6IyyEHWE(REH:ÄDC6I”,540,540,65,2846,0,IDzx­kSpD—WD,
"IDz""z­kSIzw'D",Ö?fSk..Q]ÖÖqsSP]/Q.,540,540,1,19,0,"IDz""z­kSIzw'D",
IDzwDkSpD—!cwwD,0J!//zS-.Öq,540,540,7,211,0,IDzwDkSpD—!cwwD,
IDzwzÖkS.D——zSC.Z.’],,540,543,312,12586,0,IDzwzÖkS.D——zSC.Z.’],
IDz'z­kSö—W#SLG(J!/,,543,543,15,643,0,IDz'z­kSö—W#SLG(J!/,
IDWDkSM++xz!!z,v6(6HwJ6RGIE,543,543,15,549,0,IDWDkSM++xz!!z,
"IDWDxDkSk]G;.SH—c""c",,543,544,59,2275,0,"IDWDxDkSk]G;.SH—c""c",
"IDWD""+qqzkS]zc""­",,544,544,3,130,0,"IDWD""+qqzkS]zc""­",
"ID""z""kSH—WDSK!J’J",,544,546,205,7637,0,"ID""z""kSH—WDSK!J’J",
"ID""wDkSpD—WD",,546,546,4,141,0,"ID""wDkSpD—WD",
"ID""wDkSID+""z",cJIX6nW6(REqHWEIq),546,546,33,1330,0,"ID""wDkSID+""z",
"ID""wDxDkSIDzWDjUz""z!!D",5E6REn-6D6yyEH5EDCEIEn9JICGIE,546,546,19,751,0,"ID""wDxDkSIDzWDjUz""z!!D",
"ID""wDqQ!zkSVD""""”SBG]?.(J/[","9.’’""SäG]’ÖÖ]G_",546,547,78,2903,0,"ID""wDqQ!zkSVD""""”SBG]?.(J/[",
"ID""wD""c""kSpc—WD",Ö?fS0.zÖqQ.G/.sS­q]GJ,547,547,1,21,0,"ID""wD""c""kSpc—WD",
"ID""wD""c""kSIzzwwD",Ö?fSP.’/.’J’sSP]]//. ­/]’.,547,547,1,26,0,"ID""wD""c""kSIzzwwD",
"ID""wD""c""kSIzzwwDjUwz""D",566CCEn-C6DEH5EDCEDJDn9G6yxIE6DJD,547,547,21,879,0,"ID""wD""c""kSIzzwwDjUwz""D",
"ID""wDjVz—'DkS]zxW­SK?.Ö",,547,547,5,180,0,"ID""wDjVz—'DkS]zxW­SK?.Ö",
"ID""wDÖzxDkSpDwwzSkJ’!]Ö",,547,548,11,428,0,"ID""wDÖzxDkSpDwwzSkJ’!]Ö",
"ID""w­WDkSM++xD",,548,548,2,74,0,"ID""w­WDkSM++xD",
ID)cxzkSM­z'­,,548,549,134,5330,0,ID)cxzkSM­z'­,
IDw+kSpD—wwzSKGw.!],XgJJDHebärH EEy)GDJD,549,549,24,910,0,IDw+kSpD—wwzSKGw.!],
ID+FDxDkSpD—wwzSh]G[JGw],,549,549,28,1081,0,ID+FDxDkSpD—wwzSh]G[JGw],
ID+FDxDkSVzzx­S-JÖÖ.,,549,550,59,2545,0,ID+FDxDkSVzzx­S-JÖÖ.,
"ID+FD""c""kSIa",,550,550,1,30,0,"ID+FD""c""kSIa",
"ID+FD""c""kS]D))+",,550,550,13,528,0,"ID+FD""c""kS]D))+",
"ID+""z­kS]DxBa",,550,550,4,164,0,"ID+""z­kS]DxBa",
ID+ÖwcxDkSPDÖÖc,XgJJDHmrH5E)qx))JD,550,551,82,3368,0,ID+ÖwcxDkSPDÖÖc,
ID+wDkSIz!+S,Ö?fS4J!wqsSL.ÖJ,551,551,1,15,0,ID+wDkSIz!+S,
ID+wD'DkS.czq­SK]Q.!],,551,551,45,1702,0,ID+wD'DkS.czq­SK]Q.!],
"Ic::kSvD""",,551,551,2,63,0,"Ic::kSvD""",
"Icc"")QQkSö—W#",E6yiH5JDYX6)C,551,553,115,4709,0,"Icc"")QQkSö—W#",
"Icz""z!!DkSOc!!DSL’/J!q",XiJJDHätHFJ6D”DJD,553,554,117,4381,0,"Icz""z!!DkSOc!!DSL’/J!q",
Ic!­xDkSEc—­,"Ö?fS0""!|sSL!Q]",554,554,31,1215,0,Ic!­xDkSEc—­,
Ic!­xDkSpz—!!DSBG]’.,,554,555,110,4943,0,Ic!­xDkSpz—!!DSBG]’.,
Ic!­xDkS]a,"wJ(DJ(Hd(J,(6yH5JyGIE",555,555,68,2610,0,Ic!­xDkS]a,
"Ic""’'zÖwkSö—W#S",Ö?fSPJJ’Z__sS7!D|,555,555,1,17,0,"Ic""’'zÖwkSö—W#S",
"Ic""w­xDkSPzzÖDSL’’]ÖÖ]",,555,556,15,562,0,"Ic""w­xDkSPzzÖDSL’’]ÖÖ]",
"Ic)­kSEz""­SUa",p6DGH-EyE(6H5J8G,556,556,64,2519,0,"Ic)­kSEz""­SUa",
Ic)­kSOD+xD,,556,556,5,164,0,Ic)­kSOD+xD,
Ic)­kSUczWD,,556,556,4,155,0,Ic)­kSUczWD,
Ic)­kSMD—+,Ö?fSCqG?. PJZqsSC.!z,556,557,40,1661,0,Ic)­kSMD—+,
"Ic)­""c""kS?Ö!D—",,557,557,8,320,0,"Ic)­""c""kS?Ö!D—",
"Ic+""DkS.cxc""D",,557,557,5,149,0,"Ic+""DkS.cxc""D",
"Izc!!z""c""kS-..QqSh]GDqSMD)D""z",,557,557,16,675,0,"Izc!!z""c""kS-..QqSh]GDqSMD)D""z",
IzzFzWQ—'zkSEx'zSh]G[JGw]]’.,,557,557,6,206,0,IzzFzWQ—'zkSEx'zSh]G[JGw]]’.,
"Izz!!zxQkS]Qz""#SKGw.!]",,557,558,131,5381,0,"Izz!!zxQkS]Qz""#SKGw.!]",
Iz!!DkSMD)z­,,558,559,85,3301,0,Iz!!DkSMD)z­,
"Iz""b:­qkS.D!D""SB!]Ö",,559,559,59,2515,0,"Iz""b:­qkS.D!D""SB!]Ö",
"Iz""b:­qkSVzxÖjE—zG",,559,560,60,2597,0,"Iz""b:­qkSVzxÖjE—zG",
"Iz""""ckS.cz!!zSp’/.wq",,560,560,10,339,0,"Iz""""ckS.cz!!zSp’/.wq",
"Iz""""ckSPDz""DSL’’]ÖÖ]",,560,560,26,944,0,"Iz""""ckSPDz""DSL’’]ÖÖ]",
"Iz""""ckSIcz""­SLGJÖ?.’/J!]",,560,564,511,21830,0,"Iz""""ckSIcz""­SLGJÖ?.’/J!]",
"Iz""wDxDkSMDzÖw­S",Ö?fSC.!.sS2.??],564,564,1,15,0,"Iz""wDxDkSMDzÖw­S",
"Iz""wcckSM­z'­S",Ö?fS0zG].sS5G.Q],564,565,90,3643,0,"Iz""wcckSM­z'­S",
"IzÖÖD""c""kS]cz!!­S­.wzG]",,565,565,44,1722,0,"IzÖÖD""c""kS]cz!!­S­.wzG]",
IzÖwzqQ!zkSEÖwc—SpD—zD,,565,566,10,339,0,IzÖwzqQ!zkSEÖwc—SpD—zD,
Iz+wwDkS[xxD,,566,566,4,105,0,Iz+wwDkS[xxD,
"I­zFDkS?""""z",,566,566,7,244,0,"I­zFDkS?""""z",
I­!!DkSE'DjpD—zD,pXEnWE(6EH96UG,566,566,47,1743,0,I­!!DkSE'DjpD—zD,
I­q+x++,w6IUGH JGHw6UCG(6HFJ)y6CEIG,566,567,25,954,0,I­q+x++,
"I­""zq+ÖkS?xxzjpDwwz",,567,567,88,3584,0,"I­""zq+ÖkS?xxzjpDwwz",
I­­ÖkS]D))+SBG]?.(J/,,567,568,57,2226,0,I­­ÖkS]D))+SBG]?.(J/,
"I­))­""c""kSxzwjpD—z","L6,EHWE(6EH5G88GDJD",568,568,13,486,0,"I­))­""c""kSxzwjpD—z",
"I­Öc""xc/kS.W#—BzÖSB;]/[",,568,568,18,679,0,"I­Öc""xc/kS.W#—BzÖSB;]/[",
"I­ÖÖzkSPcc""DjpDzWD",,568,570,211,8410,0,"I­ÖÖzkSPcc""DjpDzWD",
"I­+FzDz""c""kSL’D.SMcxxc—'­",,570,570,21,805,0,"I­+FzDz""c""kSL’D.SMcxxc—'­",
I­+wDkSIczW­,5J6RGH E(qE,570,571,84,3152,0,I­+wDkSIczW­,
"I+:z""Öwcz""kSExzDÖ",,571,571,14,604,0,"I+:z""Öwcz""kSExzDÖ",
"I+FD""c""kSIzw'D",56CXEHF­II6yy6HFEE(6DEH5xUEDJDn9(­I,571,572,63,2530,0,"I+FD""c""kSIzw'D",
I+­F­kSPcD,,572,573,145,5746,0,I+­F­kSPcD,
"I+­!­""c""kSH—WD",Ö?fS0.]G.sSC.[Qq,573,573,1,16,0,"I+­!­""c""kSH—WD",
"I+­""D""zcqzkSOc""wwzSL.!’JSL’/J!q",,573,574,67,2833,0,"I+­""D""zcqzkSOc""wwzSL.!’JSL’/J!q",
"I+­wÖDxDz""c""kSUc))­W+FD""z",,574,574,14,602,0,"I+­wÖDxDz""c""kSUc))­W+FD""z",
"I+­wÖDxDz""c""kS]zxF­",,574,574,3,88,0,"I+­wÖDxDz""c""kS]zxF­",
I+­wÖzkSOc!!D,,574,574,8,327,0,I+­wÖzkSOc!!D,
"I+wD""c""kSpz—WDSCzzG]ÖÖ]",,574,577,410,16491,0,"I+wD""c""kSpz—WDSCzzG]ÖÖ]",
I+wc—jBDqS,Ö?fSI.[GsSPz/[,577,578,135,5369,0,I+wc—jBDqS,
I++wFkSöa?aS,Ö?fSPzz/zsS7!D|,578,578,1,15,0,I++wFkSöa?aS,
"I++wÖDx­kSEz""­",,578,579,67,2602,0,"I++wÖDx­kSEz""­",
"I”qz""kSIDzWD",,579,579,37,1590,0,"I”qz""kSIDzWD",
"I”w!#""c""kS]zxF­S",Ö?fShJG]Sh]GD.w],579,579,4,114,0,"I”w!#""c""kS]zxF­S",
"I”#qQkSHx!!DS.D""""cÖ",,579,581,199,7569,0,"I”#qQkSHx!!DS.D""""cÖ",
"IQzFQkSOc""wwz","Ö?fS5§P.""sS-J’",581,581,39,1657,0,"IQzFQkSOc""wwz",
"IQzÖQ""c""kSODD'­ShJ]ÖÖq",,581,582,135,5284,0,"IQzÖQ""c""kSODD'­ShJ]ÖÖq",
"IQÖQ""c""kS.cz!!z",Ö?fSP_?_’J’sSPJ(JÖÖ.,582,583,16,608,0,"IQÖQ""c""kS.cz!!z",
"IQÖQ""c""kSIc:c!!D",kJ]ÖÖ]SP_?_’J’,583,583,91,3550,0,"IQÖQ""c""kSIc:c!!D",
I#q)#wwzkS]zxW­,,583,584,23,854,0,I#q)#wwzkS]zxW­,
"I#""""F­xqkSU­x'czbSK’=J(q!=",,584,585,70,2754,0,"I#""""F­xqkSU­x'czbSK’=J(q!=",
"UDD—c"")QQkSM+­'zSBJQ.SL’’]ÖÖ]",,585,585,26,1092,0,"UDD—c"")QQkSM+­'zSBJQ.SL’’]ÖÖ]",
"UDD—c"")QQkSö—W#SLÖ?JG]",,585,585,47,1774,0,"UDD—c"")QQkSö—W#SLÖ?JG]",
"UDD—zkSpD+""­SBGD.?",,585,586,70,3062,0,"UDD—zkSpD+""­SBGD.?",
"UDD—z!­Ö!zkSOc""wwzSKGw.!]",,586,589,455,18866,0,"UDD—z!­Ö!zkSOc""wwzSKGw.!]",
"UDD—z""c""kSHBDSpD—zD","L,EHWE(6EHFE(yJ",589,590,31,1243,0,"UDD—z""c""kSHBDSpD—zD",
"UDD—z""c""kSHxqD—z",,590,590,6,266,0,"UDD—z""c""kSHxqD—z",
UDD—z­kSMcxxc—'­,,590,590,4,136,0,UDD—z­kSMcxxc—'­,
UDD—zÖw­kSOc!!D,,590,592,317,12664,0,UDD—zÖw­kSOc!!D,
"UDDÖwDq­z""c""kSM””""c","7­­DJHv,JIJH-EE)CEqG6DJDn-BU6qqJ(I6D2",592,594,183,7628,0,"UDDÖwDq­z""c""kSM””""c",
"UDFx:c—bkS,z—bc—",,594,594,30,1147,0,z—bc— UDFx:c—bkS,
"UDz""z­kS]c""xD",wJDIEH1(XGyy6HF66)y6,594,595,41,1636,0,"UDz""z­kS]c""xD",
UDz—zDxDkSExÖD,,595,595,5,175,0,UDz—zDxDkSExÖD,
"UDz—zDxDkSMD+""­",,595,595,7,205,0,"UDz—zDxDkSMD+""­",
UDzÖz­kSOz—!!­SkJGJ’.,,595,595,50,2036,0,UDzÖz­kSOz—!!­SkJGJ’.,
UDWD!­—)zkSHÖq­,,595,596,128,5468,0,UDWD!­—)zkSHÖq­,
"UD!D—zkSL]’qSExxc""",,596,597,23,988,0,"UD!D—zkSL]’qSExxc""",
UD!ÖDkSU+x­,Ö?fS­.!ÖÖ.sS4zz?q,597,597,1,17,0,UD!ÖDkSU+x­,
"UDxDkSMD+""­S",Ö?fSL’//]G.sS2Jq,597,597,33,1386,0,"UDxDkSMD+""­S",
"UDxDqDkS.D""""+S­zGq",,597,599,283,12272,0,"UDxDqDkS.D""""+S­zGq",
UDxDqDDkSExÖD,GiH)iHjJX6IIJ(),599,600,32,1042,0,UDxDqDDkSExÖD,
UDxxDq­kS­]?ÖqSH—qcxz,"1]!D.Skq’Ö.’J’sSK!wJG]S9""Ö_’J’",600,601,184,6569,0,UDxxDq­kS­]?ÖqSH—qcxz,
UDxqcxDkSPzzÖD,,601,601,4,159,0,UDxqcxDkSPzzÖD,
"UDxqc""kSPcz&SkJ’!""",,601,601,34,1404,0,"UDxqc""kSPcz&SkJ’!""",
UDxqzkSE—!!zSpa,Ö?fSB!ÖÖ] 1]Ö.JG,601,601,1,16,0,UDxqzkSE—!!zSpa,
UDxqzkSEÖÖz,,601,601,3,102,0,UDxqzkSEÖÖz,
"UDxqzkSpD—WDjPcc""D",Ö?fS1]ÖÖqG.sS1.!D. 2JJ’.,601,602,2,52,0,"UDxqzkSpD—WDjPcc""D",
UDxqzkSOD+xz,,602,602,4,156,0,UDxqzkSOD+xz,
UDxqzkSU”x'z,-­IX6EH16DGDJD,602,602,14,503,0,UDxqzkSU”x'z,
"UDxqz""c""kSEz""­",,602,602,7,323,0,"UDxqz""c""kSEz""­",
"UDxqz""c""kSEz""­SV]G[JGw",,602,602,8,307,0,"UDxqz""c""kSEz""­SV]G[JGw",
"UDxqz""c""kS.cxxc'z",cJIIJX6HWE(REn 66)EHWEC6UEIC6,602,603,120,4995,0,"UDxqz""c""kS.cxxc'z",
"UDxqz""c""kSpz""""D",,603,603,19,789,0,"UDxqz""c""kSpz""""D",
"UDxqz""c""kSI+""D—SB’?]q",,603,604,29,1187,0,"UDxqz""c""kSI+""D—SB’?]q",
"UDxqz""c""kSL’’]SM++xz!!z",,604,604,9,379,0,"UDxqz""c""kSL’’]SM++xz!!z",
"UDxqz""c""kSM””""cSpDzWD","C""""’JS­.Gw]’J’sS1.]D.SC""""’J",604,604,60,2473,0,"UDxqz""c""kSM””""cSpDzWD",
"UDxqz""c""kSkJ’!]ÖS[""­SLG(J!/",,604,604,20,849,0,"UDxqz""c""kSkJ’!]ÖS[""­SLG(J!/",
UDxqz'DD—DkSpD—wwzSh.G//J!],,604,605,116,4629,0,UDxqz'DD—DkSpD—wwzSh.G//J!],
UDx­kSEc'DS­qU].,,605,606,32,1305,0,UDx­kSEc'DS­qU].,
"UDx­kSEz""­",,606,606,32,1220,0,"UDx­kSEz""­",
UDx­kSpD—WDwwDS,Ö?fS0]GZ]sS1.!D.//.,606,606,27,959,0,UDx­kSpD—WDwwDS,
UDx­kSö—W#,2.Z]q,606,607,42,1657,0,UDx­kSö—W#,
"UDx­!D""""cxkSE—!!zSh.G;Jw.!",,607,607,19,767,0,"UDx­!D""""cxkSE—!!zSh.G;Jw.!",
"UDx­!D""""cxkS.cxqz",,607,607,30,1040,0,"UDx­!D""""cxkS.cxqz",
"UDx­qDDkS?""""z",,607,608,39,1414,0,"UDx­qDDkS?""""z",
"UDx­qDDkSM­z""zSExzZD:cwF",,608,608,1,47,0,"UDx­qDDkSM­z""zSExzZD:cwF",
UDx­qDDkS]Dz'D,L]!]S0qÖÖq’J’; v6(6HwEIXGCC6H-EIGqEE,608,608,10,318,0,UDx­qDDkS]Dz'D,
"UDx­qDDj.zxxqD""kSpDz—cSC.]w]SkJGJ’.",,608,610,193,7797,0,"UDx­qDDj.zxxqD""kSpDz—cSC.]w]SkJGJ’.",
"UDx­""c""kSEc'DSB?/J!",,610,610,59,2250,0,"UDx­""c""kSEc'DSB?/J!",
"UDx­wzckS.cxz""Q",pI)EHcJI6D”H7JIIJ(XGHFED2E),610,610,15,534,0,"UDx­wzckS.cxz""Q",
UDx­'D—wz­kSö—W#SB’?]q,,610,611,11,479,0,UDx­'D—wz­kSö—W#SB’?]q,
UDx­'+­—zkSUc))­SUD!D—z,,611,611,29,1105,0,UDx­'+­—zkSUc))­SUD!D—z,
"UDqqDxkSPDz""D",FiviHcJ6D”qEE,611,612,105,4206,0,"UDqqDxkSPDz""D",
UDq­­WDkSMc))­,Ö?fS­.QqG.]’J’sSCJZZq,612,612,1,21,0,UDq­­WDkSMc))­,
"UDq+xz""c""kSpz!!­",,612,612,54,2199,0,"UDq+xz""c""kSpz!!­",
"UD""B:DG!DkSK’=!];SKD—­xDSA]!=]//.",,612,612,20,874,0,"UD""B:DG!DkSK’=!];SKD—­xDSA]!=]//.",
"UD""B:c—bkSK+—w",,612,612,2,80,0,"UD""B:c—bkSK+—w",
"UD""Bcxz""kSKD—xSm—cB—z!",,612,613,43,1885,0,"UD""Bcxz""kSKD—xSm—cB—z!",
"UD""Bcxz""kSVz""D",Ö?fS-.!G.’;sS9]’.,613,614,97,3986,0,"UD""Bcxz""kSVz""D",
"UD""BcxxkSIcz""­",,614,614,71,3030,0,"UD""BcxxkSIcz""­",
"UD""BcxxkS]cxzSB!ÖÖ]",,614,615,35,1376,0,"UD""BcxxkS]cxzSB!ÖÖ]",
"UD""BF­xqkS°!cS­]=Q.G;",,615,615,43,1953,0,"UD""BF­xqkS°!cS­]=Q.G;",
"UD""BqD""SPzxz+ÖkSH—qcxz""",5xCHL(qJI6DH 6I6x),615,616,180,7416,0,"UD""BqD""SPzxz+ÖkSH—qcxz""",
"UD""B’'zÖwkS,—zwwDSE'DjpDW",,616,617,55,2250,0,"—zwwDSE'DjpDW UD""B’'zÖwkS",
"UD""B’'zÖwkSM­q",,617,618,185,7794,0,"UD""B’'zÖwkSM­q",
"UD""wDxDkSIzÖw­SLGJÖ?]",,618,619,99,4033,0,"UD""wDxDkSIzÖw­SLGJÖ?]",
UD—z­xDkSpD+—zSLzÖz?/],B?ÖqS2.zÖÖq,619,622,391,15465,0,UD—z­xDkSpD+—zSLzÖz?/],
"UD—!D""c""kSUD+xzSKG.!]",,622,623,68,2782,0,"UD—!D""c""kSUD+xzSKG.!]",
UD—xDwkSpD—GcxS,Ö?fS0.!JsSB!ÖÖ.,623,623,22,816,0,UD—xDwkSpD—GcxS,
"UD——DxDkS.D""""+SKGw.!]",,623,624,80,2916,0,"UD——DxDkS.D""""+SKGw.!]",
"UD'cxDz""c""kS.cz!!z",,624,624,35,1293,0,"UD'cxDz""c""kS.cz!!z",
UD'z!+—!zkSEÖwc—S,Ö?fSL[qÖ.]’J’sSB?/J!,624,625,45,1752,0,UD'z!+—!zkSEÖwc—S,
UD'­xDkSMc—ww+SkJGG]’,,625,625,33,1330,0,UD'­xDkSMc—ww+SkJGG]’,
"UD'­xDz""c""kSE—!!zSL!’qG;",,625,626,35,1431,0,"UD'­xDz""c""kSE—!!zSL!’qG;",
"UD'­xDz""c""kSH""b—zBSh]qG.",,626,626,43,1728,0,"UD'­xDz""c""kSH""b—zBSh]qG.",
"UD'­xDz""c""kSMc))­",7J88GH-EqGGRE,626,626,9,362,0,"UD'­xDz""c""kSMc))­",
"UD'­xDz""c""kS]cz!!­S",Ö?fS4qq’.?,626,626,1,10,0,"UD'­xDz""c""kS]cz!!­S",
UD(cxxkSPDÖÖc,Ex)njJ6H-E—JII,626,627,35,1321,0,UD(cxxkSPDÖÖc,
UGFcz:c—kSUz'SB’=JGSNJ)]G].,,627,628,133,5577,0,UGFcz:c—kSUz'SB’=JGSNJ)]G].,
"UGF+xqD""kSM””""zSKG/.SkJGJ’.",,628,628,14,592,0,"UGF+xqD""kSM””""zSKG/.SkJGJ’.",
"UGF+xwc""kSpD—zD""""cSD&",,628,628,2,74,0,"UGF+xwc""kSpD—zD""""cSD&",
UGF+xwZckS.cxq+wF,Ö?fSkJZq!.z/.sSCzz!],628,630,204,8066,0,UGF+xwZckS.cxq+wF,
"Ucxz""kS,z—bzw",A6(26CHöExzz6D,630,630,55,2050,0,"z—bzw Ucxz""kS",
"Ucx­kS.D""Ö",,630,630,14,575,0,"Ucx­kS.D""Ö",
Uc)cwc+Ö,Fx)CEEH1)yE(6Hp(”DJD,630,631,8,316,0,Uc)cwc+Ö,
Uc))zxQkSMa,,631,632,109,4462,0,Uc))zxQkSMa,
Uc))QxQkS­.GwJSpD—WDwwD,,632,632,26,1133,0,Uc))QxQkS­.GwJSpD—WDwwD,
Uc))QxQkS?xD'zS,Ö?fS0q?ÖJG.sS1.!//],632,632,1,19,0,Uc))QxQkS?xD'zS,
Uc))QxQkSM+)+SpDD—zD,,632,632,16,588,0,Uc))QxQkSM+)+SpDD—zD,
"Uc)Q""qDDkSö—W#SkJ]ÖÖ]",,632,632,26,1092,0,"Uc)Q""qDDkSö—W#SkJ]ÖÖ]",
"UcÖcqD""""kSExbDSN[.!Gq//J",,632,633,14,550,0,"UcÖcqD""""kSExbDSN[.!Gq//J",
UcwQxQkSUz—!!D,,633,633,3,115,0,UcwQxQkSUz—!!D,
UzBkS[xxDSBG]?.(J/,,633,633,16,694,0,UzBkS[xxDSBG]?.(J/,
"Uzc!!z""c""kS.D""""+",,633,633,49,2025,0,"Uzc!!z""c""kS.D""""+",
"Uzc'z""c""kS[xxDjpDzWD",,633,634,57,2401,0,"Uzc'z""c""kS[xxDjpDzWD",
UzF'­xDkSpDwwz,,634,635,100,4139,0,UzF'­xDkSpDwwz,
Uzz!DxDkSIzw'DSCzzG]ÖÖ],,635,635,19,818,0,Uzz!DxDkSIzw'DSCzzG]ÖÖ],
"Uzz!D""c""kSPDzxD",,635,636,131,4814,0,"Uzz!D""c""kSPDzxD",
"Uzz))Dz""c""kSPD+—DS",Ö?fS2./Q.G.sS2.z!.,636,636,20,690,0,"Uzz))Dz""c""kSPD+—DS",
"Uzzw­z""kSöa",,636,636,4,125,0,"Uzzw­z""kSöa",
"UzxD""Bc—kSPzzÖD","0(8xn 66)EH-6IED,J(",636,637,51,2168,0,"UzxD""Bc—kSPzzÖD",
"UzxxD""wD!DkSNDzBDSLG]J",GiH)iHS”)HCJI6D,637,637,12,414,0,"UzxxD""wD!DkSNDzBDSLG]J",
"Uzx­—D""wDkS.D""""cÖ",cEDDJ)H-­(R”I”,637,637,6,241,0,"Uzx­—D""wDkS.D""""cÖ",
"Uzx'D""kSPD——”",,637,637,9,342,0,"Uzx'D""kSPD——”",
Uzx'DÖwzkSEc—­SL’.’].?,,637,638,44,1804,0,Uzx'DÖwzkSEc—­SL’.’].?,
Uzx'­kSpD—WDwwDS,Ö?fSk_!w_sS2JJ’.,638,638,11,414,0,Uzx'­kSpD—WDwwDS,
UzqzxQkSpD—!+Ö,,638,638,8,327,0,UzqzxQkSpD—!+Ö,
"Uzq­""c""kS.cz!!z",,638,638,43,1889,0,"Uzq­""c""kS.cz!!z",
Uzq))D,-6qGHhxDCxDJD,638,639,21,794,0,Uzq))D,
"Uzq)Ö­""kSK;.S,—zzwwD",,639,639,14,541,0,"—zzwwD Uzq)Ö­""kSK;.S",
"Uz""c—'­kSK]!]?S[—Ö+xD",,639,639,46,1885,0,"Uz""c—'­kSK]!]?S[—Ö+xD",
"Uz""!!­""c""kS.cxc""D",,639,640,150,6291,0,"Uz""!!­""c""kS.cxc""D",
Uz)zkSMc—ww+,Ö?fS9qz?].]’J’sSCJ!//z,640,641,69,2822,0,Uz)zkSMc—ww+,
Uz)zxQkS]zxF­,,641,641,3,92,0,Uz)zxQkS]zxF­,
"Uz)zxQz""c""kSPzzÖDS",Ö?fShzq!]’J’sS2]]?.,641,641,1,19,0,"Uz)zxQz""c""kSPzzÖDS",
"Uz))­""c""kSE—!!zSL./q?",,641,641,16,595,0,"Uz))­""c""kSE—!!zSL./q?",
Uz)—D,WE6(JH7GIGDJD,641,643,163,6267,0,Uz)—D,
"Uz—c""kSUDq+xz",,643,643,26,941,0,"Uz—c""kSUDq+xz",
Uz—­xDkS.D——z,,643,644,118,4751,0,Uz—­xDkS.D——z,
UW#:x­qkSE—z!Sh]G[JGw,,644,645,76,3038,0,UW#:x­qkSE—z!Sh]G[JGw,
"UW#ÖwcBwkSMD+""­",,645,645,12,328,0,"UW#ÖwcBwkSMD+""­",
"UW#Öw—D""BkSPc'zSh.G;Jw.!",,645,646,46,1844,0,"UW#Öw—D""BkSPc'zSh.G;Jw.!",
UW#Öw—#qkSV]Ö/q!SExzcx,,646,646,12,412,0,UW#Öw—#qkSV]Ö/q!SExzcx,
"U!”wc""kSpDwwz",,646,647,91,3646,0,"U!”wc""kSpDwwz",
"UqcBÖkS,D—:—­",,647,647,5,194,0,D—:—­ UqcBÖkS,
"U""cxxqD""kSgcqqD",Ö?fSäz’/JÖ ­’JGGw.’sScJww.,647,647,9,324,0,"U""cxxqD""kSgcqqD",
"U­zxDkSUz""z!!D",LIq6H-6D6yyEHWE(C6yE6DJD,647,647,11,363,0,"U­zxDkSUz""z!!D",
"U­z""zkSCJ!//zS­J]D.SM++xz!!z",,647,647,45,1765,0,"U­z""zkSCJ!//zS­J]D.SM++xz!!z",
"U­z""z""c""kS.cz!!z",,647,647,5,256,0,"U­z""z""c""kS.cz!!z",
"U­zÖDx­""jU­z""z""c""kSM+­'z",,647,648,3,89,0,"U­zÖDx­""jU­z""z""c""kSM+­'z",
U­z'DD—DkS.+b­SEa,cx2GHp6DE(H-G6XEE(E,648,648,6,252,0,U­z'DD—DkS.+b­SEa,
U­z'z­kS­.GwJSH—zÖ,Gi)iH-6q8x(E,648,648,5,183,0,U­z'z­kS­.GwJSH—zÖ,
U­qc—zkSUDw+,,648,648,2,65,0,U­qc—zkSUDw+,
U­q)zkSpDwwzS­.Ö.!],XgJJDHeblmH-6XJD,648,648,24,964,0,U­q)zkSpDwwzS­.Ö.!],
"U­)D""c""kSMD)D""zSB;Q.!;",,648,649,59,2372,0,"U­)D""c""kSMD)D""zSB;Q.!;",
"U­—q+""c""kSEz""­SLzÖz?/]",,649,650,146,6093,0,"U­—q+""c""kSEz""­SLzÖz?/]",
"U­—q+""c""kSH—WD",,650,650,6,238,0,"U­—q+""c""kSH—WD",
"U­——zj.+!!D""c""kSUDzqz",,650,650,5,176,0,"U­——zj.+!!D""c""kSUDzqz",
"U­—ÖDkSExxzSH—c""c",,650,650,30,1089,0,"U­—ÖDkSExxzSH—c""c",
U­—'D—zkS]zxF­,,650,651,58,2545,0,U­—'D—zkS]zxF­,
U­—'­WDkSMc+'­,,651,651,8,278,0,U­—'­WDkSMc+'­,
"U­+xD""w­kSUz—!!DS­]’]ÖÖ.",,651,651,17,644,0,"U­+xD""w­kSUz—!!DS­]’]ÖÖ.",
U)D——ckSpD—wwD,WE(CCEH Jq86”6DJD,651,651,3,111,0,U)D——ckSpD—wwD,
U)zBc—kSEa,"p(yy6H7UJG,G(H JXEDCGsS; XgJJDHebPtH JXED,J(",651,651,25,907,0,U)zBc—kSEa,
"UwD'c""kSOD+xz",,651,651,1,33,0,"UwD'c""kSOD+xz",
"Uwcz"":­G!kSvD""",,651,652,25,965,0,"Uwcz"":­G!kSvD""",
"Uwcz"":”kSg+""""cxSLGJ&.’;!.",,652,652,38,1506,0,"Uwcz"":”kSg+""""cxSLGJ&.’;!.",
"Uwcz"":”kSA!q!SM­—Öwc""",E6yiH5G)N”By,652,652,61,2551,0,"Uwcz"":”kSA!q!SM­—Öwc""",
"Uwc"":c—bkSEz—D",p6(EHWE(2GCHcJIJDJH-CJDNJ(2n9EyE)IEUC6,652,653,50,2140,0,"Uwc"":c—bkSEz—D",
"Uwc"":c—bkSpD—zD""""cS","Ö?fSC[q!(""sS1.!].’’J",653,653,9,320,0,"Uwc"":c—bkSpD—zD""""cS",
"Uwc""z+ÖkSE—z!Scz’’.!??q’",,653,654,115,4545,0,"Uwc""z+ÖkSE—z!Scz’’.!??q’",
"Uwc""z+ÖkSVc""Q",SJD”HöEN(6JIIEH-CJD6x)nFJy”I”6DJD,654,654,14,574,0,"Uwc""z+ÖkSVc""Q",
"Uwc""z+ÖkSOc—SL’;J!?",,654,654,13,508,0,"Uwc""z+ÖkSOc—SL’;J!?",
"Uwc""z+ÖkSö—ÖDSN.!qG.",,654,655,23,945,0,"Uwc""z+ÖkSö—ÖDSN.!qG.",
"Uwc""qD""kSUwz""D",,655,655,2,49,0,"Uwc""qD""kSUwz""D",
"Uwc""Ö!Q—kS[x&",7G(HöxDDE(HOJBy)C(Äq,655,655,26,1057,0,"Uwc""Ö!Q—kS[x&",
"Uwc""/DxxkS°ÖD",v)EHWE(2E(JCEH-CJD^EIInvINRJ(2,655,655,11,438,0,"Uwc""/DxxkS°ÖD",
"UwzbqD""kS­]!Z.SK!J’JSU”""""#'c",,655,655,21,942,0,"UwzbqD""kS­]!Z.SK!J’JSU”""""#'c",
"Uw­xwZc"":c—bkS?xcS",Ö?fS9qQJG.sS-..Qq,655,656,136,5545,0,"Uw­xwZc"":c—bkS?xcS",
"Uw—c""bkS.D!D""SIDx&",,656,656,13,525,0,"Uw—c""bkS.D!D""SIDx&",
Uw—#qkSKD—xjE—z!,,656,657,13,466,0,Uw—#qkSKD—xjE—z!,
"Uw—#q:c—bkSH""D",,657,657,26,1098,0,"Uw—#q:c—bkSH""D",
Uw+—qc—kS-D'DSPJ=]’.,,657,659,217,8941,0,Uw+—qc—kS-D'DSPJ=]’.,
"U+xD""Bc—kS.cxc""D",,659,659,2,87,0,"U+xD""Bc—kS.cxc""D",
U+x!D'DkSPD+—z,Ex(6H9xUEyE6DJD,659,659,18,595,0,U+x!D'DkSPD+—z,
"U+qqD""c""kSpDwwz",,659,659,28,1170,0,"U+qqD""c""kSpDwwz",
"U+""BkSPD—ÖSBQJ!/",,659,659,20,826,0,"U+""BkSPD—ÖSBQJ!/",
"U+""B:c—bkS.cx'zS","Ö?fS0""w]sSkJGQ]",659,660,7,197,0,"U+""B:c—bkS.cx'zS",
"U+""BcxxkSvD""SA|!DJ",,660,660,11,469,0,"U+""BcxxkSvD""SA|!DJ",
"U+""Bb—c""kSMDwzD""D",,660,660,36,1574,0,"U+""Bb—c""kSMDwzD""D",
"U+""B’'zÖwkSE—""ÖwSg#ÖwD",,660,661,78,2959,0,"U+""B’'zÖwkSE—""ÖwSg#ÖwD",
"U+­xDFwzkSEz""­SEa","p6DGHp,XE(,H-xGIEUC6",661,662,87,3422,0,"U+­xDFwzkSEz""­SEa",
"U+­qDxDz""c""kSpD—wwzS",Ö?fSk_!wJsS1.!//],662,662,54,2133,0,"U+­qDxDz""c""kSpD—wwzS",
U+­qcxDkSPaEa,Ö?fS­zqwJG.sS2Jq,662,662,29,1144,0,U+­qcxDkSPaEa,
U+­qcxDkSPc­SB!]Ö,2fBfS­zqwJG.,662,663,50,1930,0,U+­qcxDkSPc­SB!]Ö,
U+­qcxDkSpz—WDSk.’’.,,663,664,175,6939,0,U+­qcxDkSpz—WDSk.’’.,
U+­qzj?—D'DkS.zx!!DS,Ö?fS5!.Q.sSk]GÖÖ.,664,664,1,17,0,U+­qzj?—D'DkS.zx!!DS,
"U+­""z­kSL]’qSpz—WDqz",,664,665,17,697,0,"U+­""z­kSL]’qSpz—WDqz",
U+­—ÖDkS?xD'zSPa,1IEX6H Ex(6H-xG()E,665,666,194,8186,0,U+­—ÖDkS?xD'zSPa,
U+Özx+­w­kSPD+—DSPJ(J)Ö.,,666,667,40,1452,0,U+Özx+­w­kSPD+—DSPJ(J)Ö.,
"U++—­""c""kS.D""""+SC.Z.’]",,667,667,11,414,0,"U++—­""c""kS.D""""+SC.Z.’]",
U++wD—zkS]zxW­SkJ!w.’,,667,668,101,3925,0,U++wD—zkS]zxW­SkJ!w.’,
U+'zxDFwzkSMcxxc—'­S,Ö?fS0zZ].]’J’sS0J!//z,668,668,67,2847,0,U+'zxDFwzkSMcxxc—'­S,
"U”—WQxQkS.D""""cÖ",Ö?fS­]Gq!.’/.sSk.’’J?,668,668,1,21,0,"U”—WQxQkS.D""""cÖ",
"U””""zqDDkSOz—!!­S",Ö?fSL![]ZZ.sS-]!ÖÖq,668,670,167,6911,0,"U””""zqDDkSOz—!!­S",
UQ—!zxDFwzkSUz—!!DjPzzÖD,-6(yyEn 66)EH7xGq6DJD,670,670,27,1151,0,UQ—!zxDFwzkSUz—!!DjPzzÖD,
UQ—!!QkSEÖwc—,Ö?fS­zz! 0zD.G.sSCq]’],670,670,1,22,0,UQ—!!QkSEÖwc—,
"UQ—!!QkSpDwwzW+FD""z",WECC6HhxUED6H-”(yy”,670,670,14,579,0,"UQ—!!QkSpDwwzW+FD""z",
UQ—qQFD—W+kSH—qD,,670,670,1,49,0,UQ—qQFD—W+kSH—qD,
U#Bc—FWcxqkS[x&S­/JU.’,,670,671,78,2995,0,U#Bc—FWcxqkS[x&S­/JU.’,
"U#Bc—F­xqkSV]G[JGwSM­—:W#—""",,671,671,12,549,0,"U#Bc—F­xqkSV]G[JGwSM­—:W#—""",
"U#Bc—xz""bkSI­x&SkD.Gw.!",,671,671,25,1043,0,"U#Bc—xz""bkSI­x&SkD.Gw.!",
"U#Bc—x+""BkSPcz&",Ö?fS1!fSAq!=q’J’,671,672,87,3314,0,"U#Bc—x+""BkSPcz&",
MDF!­xDFwzkSVzzx­SB!G.’;,,672,672,14,542,0,MDF!­xDFwzkSVzzx­SB!G.’;,
"MDF'D""Dz""c""kSpD—zDS",Ö?fS-.!/.’J’sS1.!].,672,672,1,19,0,"MDF'D""Dz""c""kSpD—zDS",
"MDz""DkS]Qz""#",,672,672,7,282,0,"MDz""DkS]Qz""#",
MDz)DxckSpDxxD,WE(REn7J(CCxH7E68EIJ,672,673,20,726,0,MDz)DxckSpDxxD,
MD!DxDkSmaEa,d(ED)HpiH7EyEIE,673,673,14,518,0,MD!DxDkSmaEa,
"MD!DxDkS.D""""DjpD—zD",-6(yyEHcEDDEHWE(6EHFxyyGIE,673,673,20,842,0,"MD!DxDkS.D""""DjpD—zD",
MD!DxDkSPD+—z,,673,673,24,999,0,MD!DxDkSPD+—z,
"MD!!z""c""kS.cxxc'z",,673,673,5,194,0,"MD!!z""c""kS.cxxc'z",
MDxDkSPD+—DSBG]?.,2fCfSkq’ÖqD.sS2.z!.SCJ/!],673,674,51,1870,0,MDxDkSPD+—DSBG]?.,
"MDxDÖkS?""""zSBz=J’SLGJÖ?.’;J!",K?_ 5’’]; XgJJDHeTbmHö(EC)BUGzz,674,674,33,1185,0,"MDxDÖkS?""""zSBz=J’SLGJÖ?.’;J!",
MDxDÖq­kS?ww­,"XgJJDHeblmHd(6IED,J(",674,675,42,1707,0,MDxDÖq­kS?ww­,
MDxc'DkSOzDS,Ö?fSAz!?JGGsS-].,675,675,1,16,0,MDxc'DkSOzDS,
MDxWDjPD——z'­z—ckSUz—!!+,,675,675,12,440,0,MDxWDjPD——z'­z—ckSUz—!!+,
MDxWDÖkSMc+'­,,675,675,1,36,0,MDxWDÖkSMc+'­,
"MDx'z­kSmD""""”",,675,675,5,168,0,"MDx'z­kSmD""""”",
MDx'z­kSOz—!!­SK!D.,-]!ÖÖqSC.GQ]q 4../]’J’,675,677,226,8474,0,MDx'z­kSOz—!!­SK!D.,
MDx'zÖDx­kSM­z'­,,677,678,138,5932,0,MDx'zÖDx­kSM­z'­,
"MDx'zwzc'DkS.cx!Dj.cxc""D",,678,678,29,1273,0,"MDx'zwzc'DkS.cx!Dj.cxc""D",
MDqqzkSpc—'z,,678,678,18,657,0,MDqqzkSpc—'z,
"MDqqz""c""kSODD'­SBw.’zJG",,678,678,21,736,0,"MDqqz""c""kSODD'­SBw.’zJG",
"MD""""c—kSPz""BD",,678,679,14,583,0,"MD""""c—kSPz""BD",
"MD""""c—kSOz—!!­",,679,679,6,200,0,"MD""""c—kSOz—!!­",
"MD""""z""c""kS?zxz",,679,680,89,3515,0,"MD""""z""c""kS?zxz",
"MD""Ö!D""c""kSMDzqzSCJGGJ!Qq",,680,680,100,4219,0,"MD""Ö!D""c""kSMDzqzSCJGGJ!Qq",
"MD""ww+kSpD—!!+SC.Z.’]",,680,681,31,1183,0,"MD""ww+kSpD—!!+SC.Z.’]",
MD),Ö?fSk.!w.D.sSC.Z.’],681,681,5,90,0,MD),
MD)z­kSpD—!­,WE(yGHw6UCG(6H7E88J(,681,682,146,6473,0,MD)z­kSpD—!­,
MD)z­kSpDwwz,E6yiHhGUED))GD,682,682,47,1898,0,MD)z­kSpDwwz,
MD))c—kS.D——z,cE((­H7E88J(,682,683,38,1541,0,MD))c—kS.D——z,
MD))c—kSpD—!­S,Ö?fSC.Z]qsS1.!Öq,683,683,1,16,0,MD))c—kSpD—!­S,
MD—DkSPDÖÖz,7E6)CGH Ex(6H56DCEIE,683,684,129,5026,0,MD—DkSPDÖÖz,
"MD—!!DkS.D""""cxc",,684,684,2,61,0,"MD—!!DkS.D""""cxc",
MD—!!DkSOc!!DS­.Ö.!]S,9]]GqS2J[/q’J’,684,685,74,3108,0,MD—!!DkSOc!!DS­.Ö.!]S,
"MD—!!z""c""kSMD+""­SL’/J!q",,685,685,7,263,0,"MD—!!z""c""kSMD+""­SL’/J!q",
"MD—'D""c""kSEzxD",Ö?fS0.]Zq’J’sSB]G.,685,685,1,18,0,"MD—'D""c""kSEzxD",
"MD—'D""c""kSM­z'­",,685,685,40,1511,0,"MD—'D""c""kSM­z'­",
"MD''DÖwÖwWc—""DkSE—z!SVJ!’J!",,685,686,52,2119,0,"MD''DÖwÖwWc—""DkSE—z!SVJ!’J!",
MD'z­qDDkSM­)­S,Ö?fSK[.G.]’J’sSKGw.!],686,686,1,21,0,MD'z­qDDkSM­)­S,
"Mczwwz""c""kSpD""+",,686,686,7,293,0,"Mczwwz""c""kSpD""+",
"Mczwwz""c""kS]czW­",,686,686,54,2183,0,"Mczwwz""c""kS]czW­",
"Mc""F+""c""kSEc'D",pJXEH JJDEH9EIG)xG,686,687,47,1812,0,"Mc""F+""c""kSEc'D",
"Mc""!D""c""kSpD—wwzSh]Ö/q!",w6yCG(HWE(CC6DJDsHWiHwiH7JDyEDJD,687,688,80,3345,0,"Mc""!D""c""kSpD—wwzSh]Ö/q!",
Mc))­kSMzxBD,,688,688,26,1053,0,Mc))­kSMzxBD,
"Mc—F­kSMD+""­SC.’JG]",,688,688,41,1557,0,"Mc—F­kSMD+""­SC.’JG]",
"Mc—QÖkSMD)D""z",hxUED6H5xGC)EIG,688,688,3,89,0,"Mc—QÖkSMD)D""z",
Mcw—zkSPD+—DS,Ö?fSC.G.sS2.z!.,688,689,24,868,0,Mcw—zkSPD+—DS,
MFcÖxc&&kSAJ!’;/S.­xbc—,,689,689,39,1664,0,MFcÖxc&&kSAJ!’;/S.­xbc—,
"MFcÖxc&&kSpD—zD""""cSLG])J",,689,689,13,556,0,"MFcÖxc&&kSpD—zD""""cSLG])J",
"MF­—:”kSpD—zD""""c",WE(6EDDJH-CJDNJ(2,689,690,73,3038,0,"MF­—:”kSpD—zD""""c",
"MzDz""c""kSPc­SL??J!",,690,690,22,1013,0,"MzDz""c""kSPc­SL??J!",
"MzDz""c""kS]zxxc",FEE(6DEHW6JCC6DJD,690,690,9,252,0,"MzDz""c""kS]zxxc",
Mzbc—ÖwcBwkSEaVa,"px2JDJHSE8GIJGDH7UJG,G(Hd(J,(6yHöx)CEzH76n; 2J()CJ,C",690,691,80,3307,0,Mzbc—ÖwcBwkSEaVa,
"MzzF­""c""kSHx)­ShJ]ÖÖqSL’/J!q",,691,691,66,2739,0,"MzzF­""c""kSHx)­ShJ]ÖÖqSL’/J!q",
MzzxzkSOcw—z,Ö?fS-JGGJS1]GDqq’.,691,691,1,18,0,MzzxzkSOcw—z,
"Mzzxz!Dz""c""kS.cz!!zS",Ö?fS4z’//]sS4.!ÖÖq,691,692,2,52,0,"Mzzxz!Dz""c""kS.cz!!zS",
"Mzzxz!Dz""c""kS]Qz""#",,692,692,6,221,0,"Mzzxz!Dz""c""kS]Qz""#",
MzzxzxQkS?Öq­SL’/J!q,1q!q?z?,692,693,153,6089,0,MzzxzxQkS?Öq­SL’/J!q,
"Mzz))D""DkS.cx'z",,693,693,6,245,0,"Mzz))D""DkS.cx'z",
"Mzz—DkSE""Öz­",,693,693,8,293,0,"Mzz—DkSE""Öz­",
MzzwwDkS.c—wwD,cJ(CCEHLDyJ(6HFE(CC6IE,693,693,38,1540,0,MzzwwDkS.c—wwD,
"MzzwwD""c""kSEzxDS","Ö?fS-.""’JsSB]G.",693,694,51,1967,0,"MzzwwD""c""kSEzxDS",
Mz!!DkSpDzWDS,Ö?fS1.!/]ÖÖ.sS­qU].,694,694,1,19,0,Mz!!DkSpDzWDS,
Mz!!DkS]+­!!­,wxGyyGHWEE(6EH7GIGDJD,694,694,36,1279,0,Mz!!DkS]+­!!­,
"Mz!!D""c""kScJq!=S.c""—z!",kJ’!]Ö,694,697,303,12077,0,"Mz!!D""c""kScJq!=S.c""—z!",
"Mz!!D""c""kSpD+""­",,697,697,4,140,0,"Mz!!D""c""kSpD+""­",
"Mz!!D""c""kSpQ—wDSBGJq’q!.",,697,698,100,4252,0,"Mz!!D""c""kSpQ—wDSBGJq’q!.",
"Mz!!D""c""kSOc""wwzS.a",4z??]SP.D.G.; 9JDCC6HcJD(6yHhxUED6H76yyEDJD,698,698,70,2643,0,"Mz!!D""c""kSOc""wwzS.a",
"Mzq­""c""kSE—!!zSB’?]q",,698,698,15,596,0,"Mzq­""c""kSE—!!zSB’?]q",
"Mzq­""c""kS.c""—z!",,698,698,1,24,0,"Mzq­""c""kS.c""—z!",
"Mz—!!­""c""kS?xbDS",Ö?fS1_Ö]sS5]G],698,698,1,14,0,"Mz—!!­""c""kS?xbDS",
Mzw+,hG(qEH7E8ED6H766CCEDJD,698,699,111,4266,0,Mzw+,
"Mz+ÖD""c""kSMzq­",,699,700,64,2760,0,"Mz+ÖD""c""kSMzq­",
"M­z'D""c""kSOc""wwzSB’?]q",,700,700,14,591,0,"M­z'D""c""kSOc""wwzSB’?]q",
"M­z'zDz""c""kS.zxWD",,700,700,3,96,0,"M­z'zDz""c""kS.zxWD",
"M­z'zDz""c""kSUc))­SB?ÖqSC.Z.’]",,700,700,23,974,0,"M­z'zDz""c""kSUc))­SB?ÖqSC.Z.’]",
M­z'­xDkS?xxz,,700,700,1,51,0,M­z'­xDkS?xxz,
M­z'­xDkSIzw'DSL’’JG],,700,701,98,3879,0,M­z'­xDkSIzw'DSL’’JG],
"M­z'­""c""kSpDzWDjPzzÖD",,701,702,34,1380,0,"M­z'­""c""kSpDzWDjPzzÖD",
"M­z'­""c""kSMc—F­SL’/J!q",,702,702,22,860,0,"M­z'­""c""kSMc—F­SL’/J!q",
"M­z'­""c""jUzz—DxDkSEÖwc—",p)CJ(H-66(EIE,702,702,8,280,0,"M­z'­""c""jUzz—DxDkSEÖwc—",
M­zDq­kSpD—WDjMc—ww+,E6yiH7G8JI6x),702,702,67,2794,0,M­zDq­kSpD—WDjMc—ww+,
"M­x­""c""kSpDz—cS",Ö?fS­]Z!.,702,703,2,38,0,"M­x­""c""kSpDz—cS",
"M­x­""c""kS]+­!!­",Ö?fSC]ÖÖ.sShzqÖÖq,703,703,1,17,0,"M­x­""c""kS]+­!!­",
M­xÖDjIc)­kSMD—+,7E(xH5J8G,703,703,32,1176,0,M­xÖDjIc)­kSMD—+,
"M­q)+—zkS.D""""cÖ",0.G. BwZZz; JGHhGUEDDJ)H7Gq8x(6,703,703,36,1303,0,"M­q)+—zkS.D""""cÖ",
"M­""wc—zkSOc—wwzSkJ]ÖÖ]SL’/J!q",,703,704,35,1455,0,"M­""wc—zkSOc—wwzSkJ]ÖÖ]SL’/J!q",
M­)z,7G6XGHpIGqEE,704,704,10,386,0,M­)z,
M­)zkSOQz'z,9”6X6HSx(q6G,704,704,7,187,0,M­)zkSOQz'z,
"M­—'z""c""kS]cz!!­",,704,704,15,497,0,"M­—'z""c""kS]cz!!­",
M—D))c—,Ö?fS0.’J!Q.sS5G.Q],704,704,1,18,0,M—D))c—,
"M—QÖ!:#xckSp­""zGD",SGDDEHWGD6BEH Ä)JCU,704,704,31,1335,0,"M—QÖ!:#xckSp­""zGD",
M+zÖ!+kSM­)z,Ö?fShzq!]’J’sSCqZ],704,704,4,97,0,M+zÖ!+kSM­)z,
M+x))­kSOz—!!­,,704,705,9,398,0,M+x))­kSOz—!!­,
"M+""w+—zkS?xD'zS",Ö?fSh.GGJ?w.’’],705,705,1,15,0,"M+""w+—zkS?xD'zS",
M+­!!­xDkSMDD'zSpqGJQ],,705,705,13,572,0,M+­!!­xDkSMDD'zSpqGJQ],
M+­qDDxDkSEc—­SLzG]?,,705,705,36,1455,0,M+­qDDxDkSEc—­SLzG]?,
M+­qD—zxDkSHx)­S­.Ö.!],,705,705,26,928,0,M+­qD—zxDkSHx)­S­.Ö.!],
"M+­qc""­WDkS?""""z",,705,705,6,254,0,"M+­qc""­WDkS?""""z",
"M+­qc""­!ÖDkSVzzx­SL’//]",XiJJDHebPrH7Ä(DYX6)C,705,706,54,1996,0,"M+­qc""­!ÖDkSVzzx­SL’//]",
M+­qzkSIczW­SL’/J!q,,706,706,25,1067,0,M+­qzkSIczW­SL’/J!q,
M+­qz!­Ö!zkSEc—­,,706,706,1,33,0,M+­qz!­Ö!zkSEc—­,
M+­qz!­Ö!zkSUz—!!DSBG]?.,"GiH)iHcJ,IxD,",706,707,59,2177,0,M+­qz!­Ö!zkSUz—!!DSBG]?.,
"M+­qz""c""kSE—!!zSB’?]q",,707,707,46,1815,0,"M+­qz""c""kSE—!!zSB’?]q",
"M+­qz""c""kSUz—!!DjPzzÖDS",Ö?fS­_!Ö]G.[/]sS­]!ÖÖ. 2]]?.,707,707,9,314,0,"M+­qz""c""kSUz—!!DjPzzÖDS",
"M+­qz""c""kSMc+'­SL!QqSB’?]q",,707,709,154,5767,0,"M+­qz""c""kSMc+'­SL!QqSB’?]q",
"M+­'z""c""kSpDwwzShJ]ÖÖq",,709,710,138,5394,0,"M+­'z""c""kSpDwwzShJ]ÖÖq",
M+—!!DkSUz—!!DSL’’]ÖÖ],,710,710,36,1513,0,M+—!!DkSUz—!!DSL’’]ÖÖ],
M+—!!zkSMD)z­,,710,710,10,353,0,M+—!!zkSMD)z­,
"M+—wzDz""c""kS,—zwDS",Ö?fS-qG//]G.sSA!]/.,710,711,2,49,0,"—zwDS M+—wzDz""c""kS",
"M+—wzDz""c""kSEz""­Spa",p6DGHWE(CC6H7x(C6E6DJD,711,711,11,450,0,"M+—wzDz""c""kSEz""­Spa",
"M+—wzDz""c""kS.zx!!D",,711,711,23,959,0,"M+—wzDz""c""kS.zx!!D",
"M+—+""c""kS.cz!!zSL’/J!q",,711,712,80,3384,0,"M+—+""c""kS.cz!!zSL’/J!q",
"M+—+""c""kSpDzWD",WE6REn566CCEH7xxI6yy6H E(qGIE,712,712,45,1952,0,"M+—+""c""kSpDzWD",
"M+—+""c""kSpD—wwzSKGw.!]",,712,712,33,1286,0,"M+—+""c""kSpD—wwzSKGw.!]",
"M+—+""c""kSpDwwz",,712,712,1,24,0,"M+—+""c""kSpDwwz",
"M+—+""c""kSpc—WD",WJ(REH7JIIJ(XGH7x(xDJDn E6C6DJD,712,712,11,448,0,"M+—+""c""kSpc—WD",
"M+—+""c""kSpz—WD",,712,713,4,124,0,"M+—+""c""kSpz—WD",
"M+—+""c""kS?xD'z",Ö?fSK’.!]sS5G.Q],713,713,24,907,0,"M+—+""c""kS?xD'z",
"M++xc""Ö++kS[""wz",Lq86HwE()6IE,713,713,23,881,0,"M++xc""Ö++kS[""wz",
M++x­ÖkSpD—!cwwDS,Ö?fSB’J=!J’sS1.!ÖJ//.,713,715,163,6706,0,M++x­ÖkSpD—!cwwDS,
"M”""zkSpD—zD""""D",,715,715,25,1165,0,"M”""zkSpD—zD""""D",
"M”""zkSMD)z­",,715,715,5,178,0,"M”""zkSMD)z­",
"M”""""zkSPD+—z",,715,715,31,1143,0,"M”""""zkSPD+—z",
M”—!!#kSpD—wwzS­.Ö.!],XgJJDHebotHS6Jq6DJD,715,716,87,3539,0,M”—!!#kSpD—wwzS­.Ö.!],
"MQFwz""c""kSHBDSpD—zD",,716,716,25,893,0,"MQFwz""c""kSHBDSpD—zD",
"M#—""b—c""kSI­ÖcjpD—zc",,716,717,13,467,0,"M#—""b—c""kSI­ÖcjpD—zc",
"M#—#xQkS.cz""­",,717,728,1155,45119,0,"M#—#xQkS.cz""­",
Ä]Dxxz+ÖkSE'D,,728,774,4951,194248,0,Ä]Dxxz+ÖkSE'D,
"ND""­""kS°ÖDSCq!(q!=SL!’JQ]",v)EH7G(NG(2n3EDGD,774,774,5,190,0,"ND""­""kS°ÖDSCq!(q!=SL!’JQ]",
"NzxxzDG+ÖkSBw]GS,c""cBzGw",AJ”,774,774,88,3497,0,"c""cBzGw NzxxzDG+ÖkSBw]GS",
NzxxzDG+ÖkSKxDÖSPq(J!/,,774,778,419,17566,0,NzxxzDG+ÖkSKxDÖSPq(J!/,
"XBqD""kSVzzx­SkJ’!]Ö",,778,778,7,288,0,"XBqD""kSVzzx­SkJ’!]Ö",
"XFqD""kSKD—xSkz=q",,778,779,103,3947,0,"XFqD""kSKD—xSkz=q",
